site,JRCSF
34,0.584962501
40,0
42,-0.321928095
44,0.378511623
46,1
47,1
50,1.137503524
78,0.485426827
80,0.847996907
82,0.378511623
83,0.137503524
85,-0.152003093
87,-0.514573173
88,0.925999419
89,-0.321928095
95,-0.321928095
97,-1
102,-0.514573173
112,-1.736965594
120,-1.321928095
121,-1.321928095
122,-1.321928095
123,-1.736965594
125,-0.321928095
127,-1.321928095
135,-0.736965594
138,-0.152003093
156,-0.736965594
160,-1.321928095
162,-1.321928095
165,-0.321928095
166,-0.321928095
167,-0.736965594
168,-0.321928095
171,-0.321928095
172,-1
173,-0.514573173
177,-0.736965594
179,0
182,-0.152003093
184,-1
185,-0.514573173
189,-1
190,-0.736965594
197,1.137503524
198,-0.736965594
199,-1.321928095
202,-1
210,-1.736965594
213,-1.736965594
230,1.137503524
241,-0.736965594
252,-1.321928095
256,-0.736965594
257,-1.321928095
262,-2.321928095
273,-0.152003093
276,0.263034406
279,-1.321928095
282,-0.736965594
283,-1
289,-0.321928095
291,-0.736965594
295,-0.321928095
297,-0.321928095
299,-1.736965594
301,-1.321928095
302,0.378511623
304,0.378511623
305,-0.514573173
306,-0.321928095
307,-1.321928095
308,0.263034406
309,-0.152003093
313,-0.152003093
315,-0.321928095
317,-0.321928095
318,-0.321928095
319,-1.321928095
320,-0.152003093
322,-1
325,-0.514573173
332,0
337,-0.514573173
339,0
343,-0.514573173
350,-0.514573173
355,0
362,1.5360529
365,-0.321928095
369,-1.321928095
372,-1
373,-1.321928095
384,-1.321928095
386,-0.152003093
388,-0.736965594
392,-0.321928095
395,-1.736965594
396,-0.152003093
419,-1
420,-1.736965594
421,-0.321928095
422,-0.321928095
423,0
424,-1
425,-1.736965594
430,-1.321928095
432,-0.152003093
435,-1.736965594
439,-0.152003093
450,-1
455,0.263034406
456,-0.321928095
459,-1
461,0.263034406
462,0.263034406
463,0.378511623
471,0.378511623
474,0.137503524
475,-1.736965594
476,-1.321928095
477,-0.321928095
479,-1.321928095
480,0.378511623
499,0.847996907
500,0.137503524
504,0.485426827
505,0.847996907
507,0.263034406
520,0.678071905
524,1.925999419
534,-0.152003093
536,1.5360529
539,0.263034406
546,1.263034406
552,1.963474124
573,1.070389328
574,-0.152003093
575,0.925999419
577,0.263034406
578,1.632268215
581,0.263034406
585,1.263034406
589,0.378511623
591,1.321928095
592,0.263034406
593,-0.514573173
595,0.765534746
599,0.263034406
601,-0.152003093
602,1.070389328
605,1.201633861
608,1.5360529
609,1.378511623
611,6.845490051
613,3.137503524
616,-0.152003093
625,-0.736965594
632,1.432959407
634,1.678071905
636,1.722466024
637,6.845490051
638,0.765534746
639,0.678071905
641,0.485426827
644,0.925999419
645,1.963474124
647,6.845490051
648,1.201633861
649,1.070389328
650,1.765534746
651,1.263034406
652,1.485426827
653,0.137503524
654,1
655,0.263034406
656,0.765534746
657,0.584962501
658,1.263034406
659,1.678071905
660,1.137503524
661,1.201633861
662,1.5360529
663,1.485426827
664,1.263034406
670,1.584962501
673,1.137503524
674,1.070389328
680,1.632268215
