site,wildtype,AAA,AAC,AAG,AAT,ACA,ACC,ACG,ACT,AGA,AGC,AGG,AGT,ATA,ATC,ATG,ATT,CAA,CAC,CAG,CAT,CCA,CCC,CCG,CCT,CGA,CGC,CGG,CGT,CTA,CTC,CTG,CTT,GAA,GAC,GAG,GAT,GCA,GCC,GCG,GCT,GGA,GGC,GGG,GGT,GTA,GTC,GTG,GTT,TAA,TAC,TAG,TAT,TCA,TCC,TCG,TCT,TGA,TGC,TGG,TGT,TTA,TTC,TTG,TTT
1,ATG,0,0,4,0,0,0,5,0,0,0,1,0,11,0,329269,9,0,0,0,0,0,0,0,0,0,0,0,0,0,0,2,0,0,0,0,0,0,0,0,0,0,0,0,0,0,0,8,0,0,0,0,0,0,0,0,0,2,0,0,0,0,0,1,0
2,AAG,31,4,328577,38,13,9,23,21,9,1,44,0,13,12,62,4,7,53,27,1,2,1,3,4,2,4,0,8,5,24,13,5,4,1,32,7,2,0,1,2,8,0,0,0,7,5,1,5,0,18,0,33,10,2,20,2,0,1,3,27,0,5,12,0
3,GCA,0,4,0,0,55,2,0,0,10,2,21,0,7,0,4,1,1,4,1,1,3,4,2,6,3,5,2,11,5,0,1,5,11,17,4,0,328854,8,16,15,3,0,1,0,29,3,3,0,0,4,0,0,12,2,3,3,0,6,1,1,1,0,5,2
4,AAA,328977,25,15,1,5,13,5,6,17,0,1,2,2,7,24,4,14,9,9,2,0,3,11,3,0,10,12,7,5,11,2,0,13,0,0,0,9,8,4,0,3,0,0,13,0,1,18,0,3,7,0,0,1,0,10,3,2,4,1,5,0,0,22,0
5,CTA,5,0,0,0,1,1,2,0,0,0,0,0,24,0,2,0,5,0,3,2,19,0,0,1,4,0,0,0,329082,1,19,5,0,0,2,0,5,0,1,2,1,6,0,0,1,0,0,10,0,11,0,0,0,0,0,0,2,0,1,19,11,5,0,0
6,CTG,0,0,0,0,2,2,0,2,1,0,0,0,0,2,12,2,1,0,0,3,1,0,11,0,0,0,2,0,12,6,329133,21,0,1,0,0,4,1,1,11,0,0,0,0,0,0,3,0,3,0,0,1,0,0,0,0,0,0,1,2,1,30,42,4
7,GTC,0,0,0,0,0,1,3,1,0,0,0,0,0,20,2,7,0,0,0,0,0,0,0,0,0,0,4,0,0,8,0,7,0,2,0,0,9,12,6,2,0,1,3,0,11,329000,13,22,0,0,0,1,0,0,0,0,0,0,12,31,1,4,4,1
8,CTG,0,0,3,0,1,0,0,0,0,0,0,0,9,7,22,17,0,0,3,0,0,0,70,0,0,0,8,0,78,11,328927,64,0,0,0,0,0,0,0,4,2,2,0,0,0,2,0,0,0,0,0,2,0,0,0,0,1,0,2,2,0,0,36,9
9,TTA,0,0,0,1,0,5,1,1,2,0,0,0,9,0,1,4,0,0,0,2,2,0,0,2,0,0,0,0,63,0,8,1,2,0,0,0,0,0,0,2,0,0,0,0,7,53,0,20,1,0,0,0,10,3,0,0,0,0,0,2,329079,4,36,8
10,TAT,0,0,0,1,6,5,5,0,1,3,0,1,29,1,6,3,0,0,0,46,0,0,0,0,0,0,0,0,0,0,5,0,0,0,0,1,2,0,0,0,0,2,0,0,6,0,2,0,14,39,3,328804,0,1,0,6,0,2,0,186,6,0,9,0
11,GCA,0,4,0,0,74,1,2,2,0,22,0,0,13,4,1,9,4,0,0,4,3,0,0,2,0,0,2,1,0,3,0,1,7,0,0,0,328805,4,81,13,7,0,1,2,75,4,7,0,0,2,0,1,35,4,0,0,0,0,3,5,7,9,8,36
12,TTT,1,1,0,0,0,6,1,0,0,1,0,0,3,0,1,8,0,0,0,8,0,1,0,4,3,0,0,0,5,1,0,52,2,0,0,0,0,1,0,0,0,0,0,0,14,23,2,17,0,0,0,0,0,0,0,18,0,1,0,5,3,45,3,329098
13,GTA,0,0,0,1,10,16,1,3,0,2,0,3,20,2,1,0,0,2,0,0,0,0,0,4,5,2,0,0,0,1,5,0,3,0,0,0,69,0,1,2,0,0,0,0,329013,4,87,0,2,0,1,1,1,4,0,0,0,0,0,0,2,0,4,0
14,GCT,0,0,0,0,0,5,0,18,0,1,9,0,0,0,0,0,0,0,0,0,0,0,0,2,0,0,1,3,0,0,0,6,0,0,0,11,13,62,5,329153,0,0,0,17,0,0,0,9,0,0,0,0,0,0,0,3,0,0,0,0,0,0,0,0
15,ACA,5,0,0,2,328986,20,143,16,3,1,0,1,24,6,0,0,0,0,0,0,0,0,0,0,0,0,0,0,0,0,0,0,0,0,0,0,7,0,0,0,0,0,0,0,1,0,0,2,0,0,0,0,8,0,0,0,0,0,0,0,0,0,0,0
16,GAT,0,0,0,13,0,0,0,1,0,0,0,1,0,0,0,0,0,0,0,0,0,0,0,0,4,0,4,0,0,0,0,0,2,15,4,329046,1,0,1,4,0,0,1,10,0,0,0,0,0,0,1,7,0,0,0,0,0,0,0,0,1,0,0,0
17,GCA,0,0,0,0,62,0,0,0,0,0,0,0,0,0,0,0,0,0,0,0,1,0,0,1,0,0,0,0,0,0,0,0,5,0,0,0,328858,10,161,13,6,0,0,0,31,0,0,0,0,0,0,0,3,0,0,0,0,0,0,0,0,0,0,0
18,GAC,0,12,0,0,0,0,0,0,0,0,0,0,0,0,0,0,0,1,0,0,0,0,0,0,0,0,0,0,0,0,0,0,4,329197,1,17,0,1,0,0,0,20,0,0,0,2,0,0,0,7,0,0,0,0,0,0,0,0,0,0,0,0,0,0
19,ACA,14,1,13,7,328765,4,96,14,7,0,119,66,19,0,2,0,20,3,9,18,1,0,0,0,4,0,0,9,0,1,0,0,1,0,6,1,3,0,0,0,0,0,0,0,1,1,0,4,0,1,0,10,6,4,2,0,2,0,3,1,9,2,7,0
20,ATA,0,0,0,0,13,0,0,0,3,0,0,0,328895,0,41,31,0,0,0,0,0,0,0,0,0,0,0,0,8,4,2,1,0,0,0,0,0,0,0,0,0,0,0,0,9,0,3,10,0,0,0,0,0,0,0,0,0,0,0,0,3,0,0,0
21,TGT,0,0,0,0,0,1,0,0,0,0,0,3,0,0,0,0,0,0,0,0,0,0,0,1,0,0,0,10,2,0,0,0,0,3,0,0,0,0,0,0,0,0,1,1,0,0,0,0,1,0,0,21,0,0,0,0,1,156,7,329088,0,0,0,4
22,ATA,2,0,0,0,6,0,1,0,3,0,0,0,329168,2,47,14,0,0,0,0,1,0,0,0,0,0,0,0,2,0,0,0,2,0,0,0,1,0,0,0,0,0,0,0,32,0,1,2,5,1,0,0,0,0,0,0,0,2,1,0,0,0,0,0
23,GGC,0,0,0,0,0,0,0,0,0,6,0,0,0,0,0,0,0,0,0,0,0,0,0,0,0,2,0,0,0,0,0,0,0,21,0,0,0,0,1,0,59,328937,22,23,0,9,0,0,0,0,0,0,0,0,2,0,0,24,0,0,0,0,0,0
24,TAC,1,0,0,0,0,5,0,0,0,0,0,0,0,0,3,1,4,31,0,0,0,0,0,0,0,0,0,0,0,0,0,0,0,0,0,0,1,0,1,0,0,0,0,0,0,0,0,0,5,329151,2,68,0,2,0,0,0,6,0,0,0,3,0,0
25,CAT,0,0,0,11,1,6,0,1,0,0,0,0,0,0,1,0,4,21,7,329122,0,0,0,3,0,0,1,26,3,3,9,2,0,2,0,0,10,2,0,0,0,0,0,3,2,1,0,7,0,1,0,18,1,1,2,0,0,2,0,0,1,0,4,0
26,GCG,0,2,0,3,0,0,20,0,0,10,0,0,0,0,0,0,0,0,0,0,0,0,0,0,0,0,0,0,0,0,0,0,0,0,10,0,62,9,328852,31,0,0,1,0,0,0,41,0,9,0,0,0,2,9,11,0,0,0,0,0,0,0,0,0
27,AAC,4,329200,1,50,0,3,0,0,0,19,0,0,0,1,0,0,0,0,0,0,1,0,0,0,0,0,0,2,0,0,0,0,0,17,0,0,0,0,1,0,0,0,0,0,0,0,0,0,0,2,0,0,0,0,0,2,6,0,0,0,0,0,0,0
28,AAC,6,329284,1,15,0,2,0,0,0,16,0,0,1,0,2,0,0,0,0,0,0,0,0,0,1,0,1,0,0,0,0,0,0,11,0,0,0,0,0,0,0,0,2,0,0,0,0,0,0,2,0,0,0,0,0,0,0,0,0,0,0,1,0,0
29,TCA,0,2,1,17,5,1,0,0,0,2,0,8,0,0,0,0,0,0,0,0,31,0,0,0,1,1,0,0,0,0,0,0,1,0,0,0,0,0,0,14,1,0,1,2,0,0,0,0,11,0,1,0,328904,30,29,24,0,0,0,0,1,0,0,0
30,ACC,0,35,0,0,10,328919,8,66,0,6,0,1,0,36,0,0,0,0,0,0,0,2,0,0,0,0,0,0,0,0,0,0,0,0,0,0,0,24,0,0,0,0,0,0,0,0,2,0,0,0,0,0,1,6,0,3,0,0,0,0,0,0,0,0
31,GAC,0,58,0,0,0,9,7,4,0,0,0,0,4,0,0,0,2,0,0,0,0,0,0,0,0,0,0,0,0,0,0,2,10,328725,6,17,1,2,0,0,0,9,0,0,0,2,0,0,0,3,1,0,0,0,0,0,2,0,0,0,0,0,0,0
32,ACT,0,2,0,3,16,21,2,329150,0,0,0,0,0,0,1,12,1,0,0,0,0,0,0,1,0,1,2,0,7,0,0,3,3,0,0,0,0,0,0,11,0,0,0,0,1,0,0,5,0,0,0,0,2,0,0,3,0,0,0,0,0,0,3,0
33,GTT,0,0,0,0,0,0,1,0,0,0,0,0,1,1,0,43,0,0,1,0,0,0,0,0,0,0,0,0,0,0,0,2,0,0,2,1,0,0,0,11,0,0,0,2,11,30,13,329017,0,0,0,0,0,0,0,0,0,0,0,0,0,0,0,3
34,GAC,0,13,0,0,0,0,0,0,0,0,0,0,0,0,0,0,0,0,0,0,0,0,0,0,0,0,0,0,0,0,0,0,3,329063,4,47,0,0,0,0,0,10,0,0,0,0,0,0,3,6,0,0,0,0,0,0,3,0,0,0,0,0,0,0
35,ACA,6,0,0,2,329114,9,46,11,0,0,0,0,9,0,0,0,0,0,0,0,1,0,0,2,0,0,0,0,0,0,0,0,0,0,0,0,10,0,0,0,0,0,0,0,0,0,0,0,3,0,0,0,0,0,0,0,0,0,0,0,0,0,0,0
36,ATA,1,0,0,0,12,0,1,0,0,0,0,0,329028,7,13,0,0,0,0,0,8,1,0,0,0,0,0,0,8,0,1,0,0,0,0,0,4,0,0,2,0,0,0,0,9,0,0,0,4,1,0,1,0,2,0,0,0,0,0,0,4,0,0,0
37,CTC,6,5,0,0,3,29,5,0,19,105,65,0,9,10,0,0,20,0,2,0,0,17,0,0,26,0,26,3,9,328473,6,37,0,10,3,0,0,0,0,1,8,0,0,0,8,0,0,0,1,12,0,0,3,7,0,1,0,0,0,0,0,11,1,0
38,GAG,4,0,26,0,4,0,0,0,0,0,1,0,0,0,0,0,0,0,5,0,0,0,0,0,0,2,0,0,0,0,2,0,37,0,328713,4,25,5,4,5,0,0,18,0,0,0,1,0,0,0,7,0,8,0,2,3,0,0,0,0,0,0,0,0
39,AAG,50,1,328490,10,1,0,1,0,0,0,34,0,0,0,5,0,0,0,0,0,0,0,0,0,1,4,0,0,0,0,0,0,0,0,14,0,0,0,0,0,0,0,0,0,0,0,0,0,0,0,1,0,0,0,0,0,0,0,0,0,0,0,0,0
40,AAT,1,8,2,328894,0,0,0,0,0,0,0,15,0,0,0,0,0,1,1,1,0,0,0,0,0,0,0,0,0,0,0,0,0,0,10,19,0,0,2,1,2,0,0,3,0,0,0,0,0,0,0,0,0,0,4,1,0,0,0,0,0,0,0,0
41,GTG,0,0,0,1,0,0,0,0,0,0,0,0,0,1,20,0,0,0,0,0,0,0,0,0,0,0,0,0,0,0,1,0,0,0,1,0,0,0,13,0,0,0,7,0,22,2,326684,11,0,0,0,0,0,1,0,0,0,0,0,0,1,0,4,0
42,GCA,0,0,15,0,21,0,0,0,0,0,0,0,0,0,0,0,0,0,0,0,30,2,0,0,0,0,0,0,0,0,1,0,9,0,7,0,326561,1,27,5,0,0,0,0,82,0,0,0,0,0,0,0,6,0,0,0,0,0,0,0,0,0,0,0
43,GTG,0,0,0,0,0,0,0,0,0,0,0,0,0,0,37,0,0,0,0,0,0,0,0,0,0,0,0,0,0,0,0,0,0,0,1,0,0,0,6,0,0,0,1,0,16,0,327817,4,0,0,0,0,0,0,0,0,0,0,0,0,0,0,2,0
44,ACA,4,0,0,0,328652,2,35,7,1,0,0,0,22,0,0,0,0,0,0,0,0,0,0,0,0,0,0,0,0,0,0,0,0,0,0,0,17,0,0,0,0,0,0,1,0,0,0,0,0,0,5,0,1,0,0,0,0,0,0,0,0,0,0,2
45,CAT,0,0,0,4,1,0,0,0,0,3,0,1,0,0,0,0,3,48,6,328973,0,0,0,2,0,0,0,5,0,0,0,2,0,0,0,3,1,0,0,0,0,0,0,0,0,0,0,0,0,0,0,6,0,0,0,0,0,0,0,0,0,0,0,0
46,TCT,0,0,0,0,0,0,0,1,0,0,0,4,0,0,2,0,0,0,0,0,0,0,0,9,0,0,0,0,0,0,0,0,0,0,0,0,0,2,3,1,0,0,0,0,0,0,0,0,2,0,0,1,2,67,2,328423,0,0,1,1,0,0,4,5
47,GTT,8,0,0,0,2,0,1,0,3,0,2,0,1,0,1,61,3,0,0,0,0,0,0,0,1,0,4,2,0,11,3,4,0,0,0,1,2,9,1,17,0,0,1,0,14,83,13,327667,0,16,0,17,0,0,0,0,0,3,0,0,1,4,0,13
48,AAC,5,328753,1,68,15,18,2,2,0,23,0,0,0,2,0,0,1,1,0,0,0,0,0,0,1,0,0,0,0,0,0,0,2,27,0,6,1,0,0,0,0,0,3,0,0,1,0,0,0,1,1,0,0,10,0,1,0,0,0,0,0,0,1,0
49,CTG,0,0,0,0,0,0,0,0,0,0,0,0,6,0,13,1,0,0,6,0,0,0,21,1,0,0,2,0,82,2,326240,12,0,0,1,0,0,0,0,0,0,0,0,0,0,0,0,1,0,0,0,0,0,1,0,0,0,1,0,0,0,5,12,0
50,CTC,1,0,0,0,0,0,0,0,0,0,0,0,0,8,2,0,0,1,0,0,0,13,0,0,0,0,0,0,17,327968,3,41,0,0,0,0,0,0,2,1,0,0,0,0,0,6,0,0,2,0,0,0,0,0,1,0,0,0,0,0,2,12,4,1
51,GAA,44,0,0,0,1,5,11,7,0,2,0,0,7,24,0,1,2,4,2,0,0,0,0,0,0,1,0,0,1,1,3,0,328196,5,26,8,0,30,1,2,17,0,0,0,1,4,10,0,5,0,0,0,0,1,4,0,0,5,1,20,0,0,0,0
52,GAC,11,21,0,6,6,8,5,2,0,0,1,0,1,5,2,0,1,25,0,0,0,0,0,0,0,0,0,3,0,2,1,1,18,328962,18,65,8,0,4,0,0,40,1,0,2,6,5,0,1,10,0,2,2,40,2,1,0,1,0,0,3,0,2,1
53,AGC,5,84,0,4,42,6,0,4,11,328465,11,212,2,37,0,1,17,7,2,0,0,0,0,0,6,19,5,1,4,9,16,0,15,2,2,0,0,17,5,7,21,83,1,5,2,2,1,5,0,3,0,6,11,9,7,4,0,8,2,1,0,1,4,2
54,CAC,0,16,0,0,1,1,0,1,1,2,0,10,0,0,0,0,4,329185,2,14,0,3,2,1,6,4,0,0,0,1,0,0,0,1,0,0,4,2,1,22,0,0,0,0,0,2,0,1,1,19,0,0,3,1,0,2,0,0,0,0,0,0,0,2
55,AAC,7,329110,2,74,0,1,0,1,0,17,0,0,0,3,0,0,0,2,0,0,0,0,0,0,0,0,0,0,1,0,0,0,0,52,0,0,0,0,0,0,0,0,2,0,0,0,0,0,0,0,0,0,1,0,7,0,0,0,0,0,1,0,0,0
56,GGG,4,2,0,7,0,0,0,1,0,9,21,2,0,0,0,0,1,27,5,0,0,0,0,0,1,0,8,0,0,0,0,0,0,0,43,2,0,3,6,0,36,38,327902,11,0,0,1,0,0,4,3,0,0,9,7,0,0,0,10,0,0,0,0,0
57,AAA,328500,2,10,0,0,0,0,0,17,0,6,0,0,0,0,0,3,27,0,9,0,0,0,0,6,0,0,3,0,4,5,0,16,0,0,1,1,0,40,0,0,1,1,0,14,2,3,0,2,32,0,0,0,1,0,0,0,0,0,0,0,1,4,0
58,CTA,2,0,1,0,0,0,0,0,0,0,0,0,12,0,1,0,1,0,0,0,35,0,0,0,2,0,0,0,326993,39,17,32,1,0,0,0,0,0,0,0,0,0,0,0,4,0,0,1,0,0,1,0,0,0,2,0,0,0,0,0,39,0,2,0
59,TGT,0,0,0,0,0,0,0,0,0,0,0,3,0,0,0,0,0,0,0,0,1,0,0,0,0,0,0,8,0,3,0,0,0,0,0,0,0,0,0,0,0,0,3,2,0,0,0,0,3,0,0,17,0,0,0,1,2,54,1,328376,0,0,0,2
60,AAA,328575,55,55,4,11,31,0,18,28,20,6,19,0,0,4,0,2,1,0,12,2,0,1,0,1,22,2,25,3,13,5,1,15,0,0,4,2,13,0,21,0,0,1,0,0,0,0,0,1,16,15,17,17,18,3,4,0,0,2,2,12,4,1,17
61,TTA,0,0,0,0,0,0,0,0,0,0,0,0,27,1,1,9,0,0,0,0,0,0,0,0,0,0,0,0,25,3,1,124,1,0,0,2,0,0,0,0,0,0,0,1,20,5,3,9,1,1,0,1,12,0,0,0,0,0,1,0,328247,3,39,8
62,AAA,327339,51,476,40,8,0,0,0,53,6,0,0,1,0,4,0,4,4,2,4,1,2,0,0,3,1,0,0,0,2,0,0,13,2,1,0,4,6,6,1,2,1,1,3,0,0,0,0,2,48,0,0,4,3,5,2,0,0,2,0,0,0,0,26
63,GGA,0,1,0,0,0,0,0,0,24,0,0,0,0,0,0,0,1,0,0,0,0,0,0,0,0,0,0,0,0,0,0,0,13,0,0,0,0,0,0,0,328899,0,33,1,1,0,0,0,0,0,0,0,0,2,2,3,7,0,1,0,0,0,0,0
64,ATA,0,0,1,3,19,1,3,0,1,2,0,4,328362,7,117,42,0,1,5,44,0,0,0,2,4,0,2,4,4,0,2,1,0,1,3,2,6,0,0,1,0,1,7,0,10,30,0,1,0,1,0,0,0,1,0,5,0,0,0,0,0,0,0,0
65,GCC,3,0,9,3,11,25,4,0,1,2,5,2,0,0,3,2,5,2,7,0,15,8,4,4,0,0,5,4,1,0,0,0,33,12,0,3,2,328239,7,15,8,1,7,0,0,21,3,0,0,19,2,0,1,26,2,0,0,0,0,0,0,0,2,0
66,CCA,0,0,0,0,6,0,0,0,0,0,0,0,0,0,0,0,4,0,0,1,328226,2,12,8,0,0,0,0,5,0,0,0,0,0,0,0,3,1,0,1,0,0,0,0,0,0,0,0,0,0,4,0,4,0,0,0,2,0,0,0,0,0,0,0
67,CTA,0,0,0,0,0,0,0,0,0,0,0,0,4,3,0,0,0,0,0,0,44,0,0,0,1,1,1,0,328526,14,25,15,0,0,0,0,0,0,0,0,0,0,0,0,2,8,0,0,0,0,0,0,0,0,0,0,2,0,0,0,15,1,1,0
68,CAA,7,6,1,1,9,4,12,1,1,1,0,1,1,12,7,7,328115,10,20,5,3,1,7,12,12,2,5,2,9,38,29,8,21,2,0,13,7,9,3,3,3,2,0,0,4,1,0,11,15,3,0,15,5,2,6,5,0,1,0,0,22,1,2,4
69,TTG,0,4,0,0,0,0,0,0,0,0,0,0,0,1,1,0,0,0,0,0,0,0,0,0,0,0,0,0,5,3,7,6,1,0,0,0,0,0,0,0,0,0,0,0,0,0,0,0,0,0,3,0,0,0,14,0,0,0,0,0,17,0,328537,7
70,GGG,6,6,1,24,0,0,4,4,2,1,18,1,0,4,5,1,12,12,24,2,0,0,0,0,2,5,6,2,1,2,3,4,5,2,47,35,4,5,9,4,54,9,328569,63,0,1,9,2,0,0,1,7,7,6,4,2,0,0,10,1,1,12,16,1
71,AAA,328780,4,23,27,5,5,0,4,6,3,2,1,4,5,0,0,4,2,1,0,82,7,1,13,8,0,0,2,5,0,3,3,58,0,0,0,0,0,0,0,0,0,19,0,0,0,2,5,3,7,0,26,1,12,0,2,0,0,0,0,0,3,4,1
72,TGT,0,0,0,0,0,0,0,0,0,0,0,12,0,0,0,0,0,0,0,0,0,0,0,0,0,0,0,6,0,0,1,0,0,0,0,0,0,0,0,0,0,0,0,2,0,0,0,0,2,0,0,19,0,0,0,1,4,39,0,329121,0,0,0,4
73,AAC,3,328582,4,26,3,10,1,4,0,55,0,8,0,0,1,0,27,3,0,0,0,0,0,2,0,1,0,0,0,0,0,0,3,86,0,5,8,1,1,0,2,0,4,1,0,0,0,0,0,5,0,0,17,9,17,9,0,0,0,0,0,1,0,0
74,ATC,0,4,0,0,1,9,0,0,0,2,0,0,6,328414,3,28,0,0,0,0,0,0,0,0,0,0,0,0,18,14,2,0,0,0,0,0,0,0,0,0,0,0,0,0,11,20,11,11,1,0,0,0,0,0,0,0,0,0,0,0,8,14,18,0
75,ACC,0,9,4,2,40,328526,14,81,6,9,0,1,6,39,8,3,3,3,7,12,2,14,14,2,0,0,0,0,6,24,64,19,0,0,0,0,2,16,1,1,0,1,0,1,3,1,5,0,0,6,0,1,1,7,3,10,0,5,1,0,8,1,6,2
76,GGA,0,0,0,0,0,0,1,0,23,1,0,0,0,0,0,0,0,0,0,0,0,0,0,0,0,0,0,0,0,0,0,0,28,0,0,0,3,0,2,2,328986,2,48,21,3,0,0,0,0,0,0,0,0,0,0,0,10,0,0,0,0,0,0,0
77,TGG,0,0,0,0,0,0,0,0,0,0,2,0,0,0,0,0,0,0,1,0,0,0,0,0,1,0,5,0,0,0,0,0,0,0,0,0,0,0,0,0,0,0,5,2,0,0,0,0,0,0,11,0,0,0,0,0,46,0,328945,4,0,0,8,0
78,CTC,0,0,0,0,0,0,0,0,0,0,0,0,5,17,0,1,0,2,0,0,0,20,0,0,0,7,0,0,20,328701,7,20,0,0,0,0,0,0,0,0,0,0,0,0,24,8,0,0,0,0,0,0,0,0,0,0,1,0,0,0,0,14,0,2
79,TTG,0,0,1,0,2,3,0,1,0,0,1,0,2,1,8,7,0,0,2,0,0,0,1,1,0,0,0,0,13,3,96,3,0,0,1,0,0,0,0,0,0,0,0,0,1,0,4,0,1,1,1,0,0,0,28,0,0,0,1,0,43,0,328698,6
80,GGA,0,0,0,0,0,0,0,0,24,0,0,0,0,0,0,0,0,0,0,0,0,0,0,0,0,0,0,1,0,0,0,0,13,0,0,0,5,0,5,1,329026,9,39,12,2,2,0,0,0,0,1,0,0,0,0,0,5,0,0,0,0,0,0,0
81,AAT,12,14,1,328894,0,0,0,8,0,2,0,10,0,1,0,1,0,1,0,12,0,0,0,0,0,0,0,0,0,0,1,0,0,0,0,14,8,0,0,0,0,0,0,0,0,1,0,0,0,0,0,2,2,4,1,1,0,1,0,0,0,0,0,1
82,CCA,0,0,0,0,6,0,0,0,0,0,0,0,0,1,0,0,4,0,0,0,328890,15,176,50,0,0,0,0,26,1,0,0,0,1,0,0,1,0,1,0,0,0,0,0,2,0,0,0,1,0,0,1,4,0,0,0,1,0,0,4,0,0,0,0
83,GAA,15,0,1,9,1,0,2,4,0,2,0,0,1,0,0,0,2,0,2,3,0,0,0,0,0,0,0,0,5,1,2,1,329037,4,35,5,2,2,0,8,7,8,3,2,3,0,4,0,9,3,0,0,1,3,7,1,1,0,7,4,7,4,3,4
84,TGC,0,0,0,0,0,1,0,0,0,4,0,0,0,0,0,1,0,0,0,0,0,0,0,0,0,4,0,0,0,0,0,0,0,0,0,0,0,0,0,0,0,1,0,0,0,0,0,0,0,15,0,0,0,0,0,0,21,328803,6,176,0,5,0,0
85,GAC,0,24,0,0,0,0,0,0,0,0,0,0,0,0,0,0,1,0,0,0,0,0,0,0,0,0,0,0,0,0,0,2,21,329087,2,14,0,0,0,0,0,17,5,0,0,5,0,0,0,4,0,0,0,0,1,0,0,0,0,0,2,0,0,0
86,TCA,3,17,1,2,13,0,2,4,1,5,0,5,1,4,7,0,9,7,5,27,26,1,0,20,3,2,0,2,3,0,47,14,27,7,7,5,5,13,5,1,1,0,2,0,1,1,1,4,15,1,0,58,328479,18,13,10,1,0,1,0,6,2,20,2
87,CTG,0,0,0,0,0,0,0,0,0,1,0,0,3,0,11,17,0,0,9,0,0,0,13,0,0,0,0,0,78,31,328966,9,0,0,0,0,0,0,3,0,0,0,0,0,0,0,1,0,0,0,0,0,0,0,0,0,0,0,0,0,7,0,64,1
88,CTT,1,0,1,4,1,6,3,0,0,4,2,1,15,7,3,13,3,0,2,2,3,0,0,16,2,0,0,2,12,58,10,328887,5,1,0,0,0,1,6,2,0,3,6,0,9,3,1,9,0,5,0,4,0,2,3,0,0,0,0,0,9,0,29,42
89,CCA,5,2,3,25,19,28,14,23,1,10,2,17,15,19,20,5,26,5,4,41,328340,38,66,19,1,0,4,2,27,0,64,3,1,46,0,15,1,4,8,39,2,42,1,16,15,53,3,17,1,22,0,14,25,12,5,8,1,0,8,1,4,11,11,4
90,GCG,0,1,2,14,1,43,55,3,7,29,1,30,2,21,0,3,8,12,1,19,14,12,9,13,7,24,5,9,2,55,15,0,3,9,16,24,41,8,328200,38,1,0,7,0,4,11,197,0,0,0,0,6,1,0,11,2,0,0,2,0,15,132,8,11
91,AGA,33,3,11,39,3,13,13,7,328859,5,17,0,27,10,0,6,13,4,0,4,1,0,1,0,7,0,0,0,29,0,2,4,52,0,19,2,15,3,0,9,16,0,2,1,3,0,7,0,0,18,0,0,0,29,2,3,3,0,0,0,10,0,6,5
92,TCA,1,2,0,2,9,2,0,1,1,0,0,1,1,2,0,0,51,0,12,0,23,0,15,0,3,0,2,0,0,0,5,7,7,20,17,1,1,0,2,0,4,0,1,1,1,16,2,0,1,6,0,0,328948,4,73,1,3,0,10,0,11,3,1,1
93,TGG,0,1,0,0,0,0,0,0,0,0,1,0,0,0,0,0,0,0,0,0,0,0,0,0,0,1,24,1,0,0,0,0,0,0,1,0,0,0,1,0,0,0,0,0,0,0,0,0,0,2,7,0,0,0,0,0,20,0,329155,1,0,1,11,0
94,TCC,0,0,0,0,0,2,1,0,0,15,0,25,0,0,0,0,0,0,1,0,0,22,2,0,1,0,0,0,0,0,0,0,0,0,0,0,1,4,2,2,8,13,7,23,0,0,0,0,0,0,0,0,47,328848,7,24,0,0,0,0,0,13,0,1
95,TAC,0,2,0,0,0,0,0,0,0,0,0,0,0,0,0,0,0,36,0,0,0,0,1,0,0,0,0,0,0,0,0,0,0,2,0,0,0,0,0,0,1,0,0,0,1,0,1,0,8,329149,2,41,0,3,1,0,0,27,0,0,0,0,0,0
96,ATT,0,0,0,4,0,1,0,16,0,0,0,2,7,26,3,417115,1,1,0,0,0,0,0,0,0,2,1,0,1,1,1,4,0,0,0,1,0,0,0,0,0,0,0,0,5,0,2,31,1,0,0,1,0,0,0,0,0,0,0,0,4,0,4,3
97,GTA,0,0,0,2,1,1,0,0,0,0,0,0,41,3,0,29,0,2,0,1,0,0,0,0,0,0,1,0,1,0,0,0,3,1,0,0,29,2,0,0,2,0,0,0,416837,6,78,35,3,0,0,0,0,0,0,2,0,0,0,0,9,0,0,1
98,GAA,20,0,0,1,0,0,0,0,0,0,0,0,0,1,0,0,2,0,4,0,0,0,0,1,0,0,0,0,1,0,2,1,417192,7,6,2,0,0,0,0,15,0,0,0,6,0,0,0,8,0,0,0,0,0,0,1,0,0,0,0,1,0,2,0
99,ACA,15,7,0,0,416720,5,15,1,2,8,1,18,71,2,0,0,4,0,0,0,18,0,0,0,11,5,3,0,36,1,1,3,5,7,16,8,24,6,15,7,0,4,7,3,0,2,3,2,0,1,0,2,24,7,76,1,0,0,0,0,19,1,2,1
100,CCA,1,5,0,2,11,18,11,0,1,0,1,0,0,1,23,0,16,11,43,7,416561,22,66,14,4,1,0,6,24,0,5,3,0,2,6,0,2,8,5,1,0,0,1,2,3,1,23,4,0,0,0,7,10,5,0,0,3,0,45,0,4,0,0,3
101,AAC,14,416992,6,34,6,6,0,0,13,13,10,4,1,4,0,0,0,1,12,0,0,0,0,1,4,2,0,0,3,0,1,0,11,49,6,0,2,6,0,3,5,1,2,43,1,4,0,0,0,3,0,4,0,0,20,0,0,0,0,1,1,0,3,0
102,TCT,0,14,0,51,17,13,4,14,1,1,2,9,1,0,2,0,17,0,25,0,2,16,1,24,0,0,0,0,0,0,0,0,0,3,2,1,0,1,0,6,21,0,0,0,0,0,1,0,6,0,0,7,11,111,11,416547,1,0,0,6,0,0,0,7
103,GAG,4,2,18,1,4,2,21,0,3,2,0,0,0,1,0,3,11,0,33,0,4,0,6,2,1,5,0,2,0,3,0,4,49,6,416568,8,7,7,4,2,0,0,90,1,6,16,10,2,0,2,5,2,2,0,4,0,0,0,0,6,1,5,1,2
104,AAT,10,13,11,416798,3,2,3,22,8,3,3,17,17,16,5,6,1,34,8,12,0,0,0,1,4,3,1,5,0,11,7,0,7,0,6,33,6,0,2,5,0,0,0,3,7,57,4,0,2,4,1,61,15,0,0,0,0,3,5,2,2,6,4,0
105,GGA,0,4,0,0,0,0,0,0,23,0,0,0,0,0,0,0,0,0,0,0,0,0,0,0,1,0,0,0,0,0,0,0,9,0,0,0,0,0,8,1,416876,1,63,10,0,0,0,0,0,0,0,0,3,0,0,2,11,0,0,0,0,0,0,0
106,GCA,0,5,0,0,51,0,0,0,0,1,0,0,0,0,2,1,7,0,8,0,23,5,1,5,0,0,0,1,2,2,14,2,13,0,0,0,416833,1,15,1,4,0,0,0,38,0,0,0,0,0,0,0,12,0,2,0,0,1,0,1,9,8,0,0
107,TGT,0,0,0,0,0,0,0,0,0,0,0,2,0,0,0,0,0,0,0,0,0,0,0,0,0,0,0,8,0,0,0,0,0,0,0,0,0,0,0,0,0,0,0,0,0,0,0,0,0,0,0,39,0,0,0,0,3,13,3,417005,0,0,0,1
108,TAT,0,0,0,0,0,0,0,0,0,0,0,0,0,0,0,0,3,0,0,16,1,0,0,0,1,0,0,0,0,0,1,0,0,0,0,2,0,0,0,0,0,0,0,0,0,0,0,0,0,50,6,417108,0,0,0,2,0,0,0,20,0,0,0,5
109,CCA,0,0,0,0,1,4,0,0,0,0,1,0,0,0,0,0,4,1,0,0,416863,12,107,18,0,0,0,0,9,0,0,0,0,0,0,0,4,0,0,0,0,0,0,0,0,0,0,0,0,1,0,0,7,0,0,0,0,0,0,0,0,0,0,0
110,GGA,0,0,0,0,1,0,0,1,12,0,2,0,0,0,1,0,0,0,0,0,0,0,1,0,0,0,0,0,0,0,0,0,17,0,0,0,0,0,0,0,417000,11,59,18,3,1,0,0,0,0,0,0,0,0,0,0,23,0,0,0,0,0,0,0
111,GAT,7,1,2,35,1,0,0,8,0,5,8,8,1,0,0,1,0,5,0,0,1,4,0,6,0,0,0,2,7,0,0,0,10,31,1,416828,0,0,1,1,0,0,2,14,8,0,4,15,0,0,0,22,1,5,1,7,0,0,0,2,1,1,0,1
112,CTC,0,0,0,0,0,2,0,0,0,0,0,0,17,24,0,2,0,5,0,0,0,44,0,0,0,4,0,0,9,416174,4,17,0,0,0,0,0,0,0,0,0,0,0,0,1,6,50,0,0,0,0,0,4,0,0,0,1,1,8,0,0,15,9,28
113,ATC,0,8,0,5,1,54,19,5,0,0,0,0,29,416387,15,136,2,29,12,18,0,0,0,2,10,2,0,0,10,16,0,7,0,16,22,6,4,47,0,2,35,5,5,0,21,24,0,1,0,24,0,0,6,7,6,0,0,2,2,4,7,26,0,25
114,GAC,0,44,0,10,1,0,0,0,0,0,0,2,0,0,3,0,0,1,4,2,2,0,0,0,0,0,0,0,0,4,2,4,10,416872,13,34,0,10,14,0,0,22,0,2,0,0,0,0,1,13,1,2,2,0,1,0,0,0,0,0,0,4,3,0
115,TAT,0,4,0,5,7,1,9,2,2,12,0,13,11,7,16,0,8,1,0,44,0,8,3,3,0,2,0,0,4,0,4,1,1,0,0,5,1,0,6,5,1,8,11,4,0,0,14,4,4,37,9,416706,2,8,3,4,0,0,0,14,17,5,34,1
116,GAG,0,0,13,0,0,0,0,0,0,0,0,0,0,0,0,0,0,3,8,3,8,6,15,10,0,0,0,0,0,1,2,0,35,0,416553,23,9,12,13,2,0,1,115,1,0,0,6,0,0,0,5,0,0,0,0,0,0,0,0,3,0,6,0,3
117,GAA,34,0,0,0,0,0,0,0,0,0,0,0,0,0,0,0,0,0,0,0,0,0,0,0,0,0,0,0,0,0,0,0,416204,2,71,0,0,0,0,0,12,0,0,0,2,0,0,0,4,0,0,0,0,0,0,0,0,0,0,0,0,0,0,2
118,CTG,0,0,0,1,0,0,0,1,0,0,0,0,0,0,28,0,0,0,7,0,0,0,39,0,0,0,0,0,31,15,416680,30,0,0,0,0,0,0,0,0,0,0,0,0,0,0,7,0,4,1,0,0,0,0,0,0,0,0,0,0,4,0,52,0
119,AGG,0,0,41,1,2,5,1,0,46,0,416355,4,0,1,36,1,0,0,0,1,0,0,0,0,9,1,7,4,1,5,0,2,0,0,0,0,0,0,1,0,0,0,58,0,0,1,3,2,0,3,0,27,0,0,0,0,0,0,6,8,3,1,8,38
120,GAG,0,0,19,0,0,0,0,0,0,0,0,0,0,0,0,0,0,0,0,0,0,0,0,0,0,0,0,0,0,0,1,0,47,0,416203,14,0,0,2,0,0,0,30,0,0,0,0,0,0,0,8,0,0,0,0,0,0,0,0,0,0,0,0,0
121,CAA,10,0,0,0,4,0,0,0,0,0,0,0,0,0,1,0,416823,11,24,3,2,0,0,0,3,2,2,0,2,1,0,0,3,1,0,0,0,0,0,0,0,0,0,0,0,0,0,0,140,0,0,1,0,0,0,0,0,0,0,0,0,0,0,0
122,TTG,0,0,0,0,0,0,0,0,0,0,0,0,2,0,8,1,0,0,0,0,0,0,0,0,0,0,0,0,0,16,48,0,0,0,0,0,0,0,0,0,0,0,0,0,1,1,1,0,0,0,10,0,0,0,23,0,0,0,0,0,24,0,416825,8
123,AGC,2,78,0,1,2,2,4,4,11,416626,3,37,0,15,2,33,5,1,0,3,0,0,0,0,0,11,5,0,5,5,0,1,0,0,0,1,0,0,5,0,1,35,1,9,1,5,1,4,0,1,0,0,0,0,0,0,0,9,2,1,3,2,0,6
124,TCA,0,2,1,0,2,5,6,0,0,4,2,1,0,4,1,2,0,0,9,0,29,0,0,1,0,0,2,0,0,6,17,6,3,1,1,4,7,8,1,9,11,6,4,0,10,1,0,17,5,4,1,22,416214,3,67,17,1,0,3,1,26,0,0,1
125,GTA,0,0,0,0,5,8,0,30,0,0,0,3,32,7,0,9,0,0,0,0,0,0,0,0,0,0,0,0,2,1,2,0,1,0,0,0,38,7,0,32,0,0,0,0,416793,14,25,3,0,0,0,1,4,5,6,0,0,0,0,2,3,1,1,3
126,TCA,6,0,3,9,7,1,1,1,0,0,2,11,0,3,11,0,2,0,1,0,16,1,2,0,4,0,0,2,18,0,0,0,43,9,10,7,6,0,1,0,1,3,2,19,4,0,10,0,2,15,0,1,416760,9,35,7,1,0,0,0,28,2,0,5
127,TCA,7,0,3,0,12,4,0,0,2,21,0,0,0,2,0,0,0,6,2,0,12,0,0,0,15,0,0,1,5,0,0,0,2,0,0,0,6,2,0,6,4,0,6,0,2,0,7,5,8,0,0,1,416663,12,18,3,0,0,0,0,32,0,0,0
128,TTA,0,0,0,0,0,0,0,0,0,0,0,0,1,6,37,0,0,4,0,0,0,0,0,0,0,0,0,0,22,0,4,0,0,0,0,0,0,12,0,0,1,0,0,8,4,23,2,3,1,5,0,8,25,0,0,0,1,0,2,0,416823,18,25,0
129,GAA,24,0,0,0,1,0,5,6,0,0,0,0,5,0,0,0,1,3,3,2,0,0,0,0,0,0,0,0,0,0,0,1,416390,15,11,1,3,0,10,0,20,0,0,0,2,1,0,4,1,0,3,0,4,1,1,0,0,0,0,0,0,0,0,0
130,AGA,18,0,0,0,0,0,0,0,416815,0,38,2,8,0,0,0,0,0,0,0,0,0,0,0,5,0,2,0,0,0,0,0,0,0,0,0,0,0,0,0,26,0,2,0,0,0,0,0,0,0,0,0,0,0,0,0,4,0,0,0,0,0,0,0
131,TTC,0,0,0,0,0,1,0,0,0,1,0,0,0,1,0,0,0,0,0,0,0,2,0,0,0,0,0,0,0,9,0,0,0,0,0,0,0,0,0,0,0,0,0,0,2,3,0,0,0,3,0,2,1,13,0,0,0,0,0,0,8,416155,2,46
132,GAA,24,0,0,0,0,0,0,1,0,1,0,0,0,0,0,0,0,0,0,0,2,4,0,3,0,0,0,0,3,0,0,0,416892,3,27,3,12,0,0,0,12,0,0,0,0,0,1,2,2,0,0,0,2,0,0,0,0,0,0,0,0,0,0,0
133,ATA,4,0,0,0,8,0,0,0,0,0,0,0,416930,3,20,13,0,0,0,0,0,0,0,0,0,0,0,0,9,0,0,0,0,0,0,0,0,0,0,0,0,0,0,0,11,0,0,0,0,0,0,0,0,0,0,0,0,0,0,0,0,0,0,0
134,TTT,0,0,0,0,0,0,0,0,0,0,0,0,0,0,0,2,0,0,0,0,0,0,0,0,0,0,0,0,0,0,1,6,0,0,0,0,0,0,0,0,0,0,0,0,0,0,0,4,0,0,3,0,0,0,0,7,0,0,0,4,8,23,1,416910
135,CCC,2,17,3,8,0,23,2,1,5,5,3,12,0,0,0,1,8,6,0,8,54,416181,5,24,2,4,0,2,0,14,0,0,20,3,2,4,2,5,0,2,0,4,0,0,2,0,0,1,0,0,0,1,13,47,0,1,0,1,0,0,0,2,0,0
136,AAG,44,10,415615,14,3,16,19,5,9,1,48,13,4,1,9,0,5,12,6,8,11,3,10,12,5,1,4,9,6,4,53,23,8,0,26,10,2,34,17,7,3,0,6,4,17,0,12,32,0,1,5,4,23,9,4,2,0,0,5,0,23,9,5,62
137,GAA,18,13,0,24,8,25,1,2,0,2,0,19,17,3,0,7,10,37,5,10,2,15,9,6,0,0,0,0,11,7,5,0,414827,30,27,12,22,1,0,1,30,3,0,4,19,0,0,1,6,0,1,2,33,5,5,42,0,0,0,0,2,9,6,8
138,AGT,1,1,0,80,24,6,33,10,21,25,12,414887,1,14,16,34,11,18,6,2,2,4,0,1,1,2,2,8,2,9,3,10,10,0,0,0,58,9,19,4,6,1,9,37,10,1,3,0,0,35,0,9,25,24,22,12,0,0,18,6,3,2,27,13
139,TCA,8,3,0,1,26,11,2,8,5,5,1,33,9,0,0,2,1,4,0,5,13,0,0,0,0,8,2,0,3,3,0,0,2,0,0,0,12,79,69,1,7,7,0,0,1,90,23,6,5,14,2,4,415501,53,81,97,1,0,30,0,8,3,0,7
140,TGG,0,0,0,0,0,1,0,0,0,0,4,0,0,0,0,0,0,0,0,0,0,0,0,0,0,0,20,0,0,0,0,0,0,0,0,0,0,1,0,0,0,1,1,0,0,0,0,0,0,3,13,11,0,0,2,0,24,0,411398,9,0,6,10,0
141,CCC,6,0,0,0,24,22,1,1,3,10,0,0,4,4,3,4,20,6,2,1,49,415436,16,41,2,2,2,0,3,21,0,0,16,0,0,0,1,16,8,0,8,0,2,0,10,1,0,1,0,2,0,0,0,54,21,6,0,0,0,0,3,0,5,0
142,AAC,20,416405,2,58,0,2,0,0,0,9,0,0,0,0,0,0,1,7,1,0,0,0,0,0,1,1,0,0,0,0,0,1,0,16,0,0,0,0,0,0,0,0,0,0,0,0,0,0,0,6,0,0,0,0,1,0,0,0,1,0,0,0,0,0
143,CAC,1,32,0,7,7,3,1,0,0,1,0,10,1,3,17,1,6,415947,7,29,0,3,0,0,1,3,0,0,2,15,3,3,0,1,0,0,0,9,0,6,0,0,0,0,6,2,16,3,0,53,0,58,5,1,5,0,0,0,0,0,4,40,0,0
144,ACA,5,0,0,2,416638,8,25,3,0,3,0,1,28,0,0,0,3,0,0,0,6,0,0,0,0,0,0,0,0,0,0,0,4,0,2,0,42,0,0,1,1,14,13,46,0,0,0,0,0,0,0,0,5,0,1,6,0,0,0,0,0,0,0,0
145,TTC,4,2,0,6,3,2,7,3,0,11,2,14,6,6,20,3,0,1,16,12,2,0,0,0,0,1,1,2,2,28,10,0,72,43,71,61,0,28,34,21,17,3,12,3,8,12,9,1,2,12,0,17,1,18,2,18,3,1,16,1,23,416430,10,33
146,AAC,17,415848,12,242,3,3,3,5,9,52,36,2,6,7,4,0,16,23,95,8,5,16,19,5,2,17,7,5,6,5,6,2,18,72,62,133,11,12,55,5,8,5,11,44,32,12,21,0,0,70,0,7,3,11,2,0,0,1,7,0,13,19,3,2
147,GGA,4,6,5,4,1,1,0,6,51,0,2,2,1,0,2,1,6,1,2,4,0,2,1,0,5,2,5,3,1,3,0,2,21,3,4,3,3,0,0,1,416766,18,46,10,6,2,0,2,0,2,0,0,5,2,2,4,7,2,2,1,6,0,3,4
148,GTA,0,18,0,14,28,41,14,81,0,10,0,24,155,35,5,14,7,25,5,7,1,20,4,3,0,0,1,2,2,7,7,1,6,1,4,1,39,4,3,6,4,3,5,3,416370,7,42,17,0,18,0,2,6,53,8,14,0,0,2,0,17,0,4,0
149,ACA,4,1,0,2,416995,11,100,20,0,5,0,0,19,3,1,3,0,0,0,1,0,0,0,0,0,0,0,0,0,0,0,0,2,0,0,0,20,0,0,0,0,0,0,0,0,0,0,2,0,0,0,0,6,10,6,12,0,0,0,0,0,0,0,1
150,GTA,0,9,0,8,23,6,24,14,0,4,0,62,62,1,8,3,7,3,5,3,12,6,2,1,0,0,0,0,8,73,6,2,6,3,13,0,232,34,4,8,11,8,2,1,416074,62,45,1,0,3,0,8,85,9,0,19,0,0,1,0,28,29,42,36
151,TCA,1,1,5,1,3,0,1,0,4,3,0,1,1,0,1,0,0,0,1,0,15,0,0,0,0,0,0,0,0,0,0,1,0,1,0,0,8,4,36,1,1,0,2,0,3,0,0,0,5,0,0,5,416720,5,89,4,2,0,0,1,26,0,22,0
152,TGC,0,0,0,1,0,0,0,0,0,2,0,0,0,0,0,0,0,2,0,0,0,0,1,2,0,15,0,0,0,0,0,0,0,0,0,1,0,0,0,0,0,8,0,0,5,0,0,0,0,52,0,0,0,1,0,1,10,415170,4,81,0,10,0,0
153,TCC,17,4,2,6,101,38,55,22,4,8,1,6,52,47,1,1,23,34,12,31,1,208,23,8,1,6,0,0,16,5,6,3,56,1,2,8,6,4,0,0,19,66,29,2,11,0,17,45,0,46,0,5,10,407539,1,20,0,4,19,0,7,100,9,34
154,CAT,3,19,2,80,24,13,16,0,35,0,5,1,1,1,19,12,8,27,52,412802,0,1,0,3,3,0,9,7,13,22,13,21,31,66,5,99,5,9,8,57,3,0,0,7,7,3,4,0,0,5,0,14,13,6,13,9,0,3,23,5,0,2,0,18
155,AGG,9,1,58,8,8,0,5,1,38,8,413771,21,15,2,48,11,27,0,1,3,0,1,0,0,28,2,17,0,4,5,1,0,5,1,2,1,0,3,1,21,4,2,160,27,3,0,0,10,0,20,2,28,11,1,19,43,0,0,24,1,2,1,9,4
156,GGA,0,7,0,6,2,2,0,5,24,0,1,20,0,0,0,1,1,22,1,12,0,0,6,1,1,2,1,0,0,1,0,0,34,1,14,2,1,18,1,2,414380,20,51,3,10,0,0,0,1,5,0,3,37,116,3,10,6,0,0,0,0,2,1,2
157,AAA,416134,10,42,26,26,10,1,1,23,0,0,13,38,3,9,48,22,3,0,7,0,0,9,0,0,0,2,1,4,3,7,16,35,44,5,0,0,7,2,1,0,0,0,5,10,9,11,0,1,1,0,3,27,3,1,1,0,0,0,0,2,12,12,12
158,AGC,0,58,1,0,0,5,6,3,7,414444,6,113,0,10,17,0,9,23,0,0,5,7,1,3,0,6,0,0,32,9,10,6,2,0,4,4,41,14,6,10,5,109,2,5,0,3,0,1,0,0,0,4,1,35,2,0,0,4,0,0,1,0,0,0
159,AGT,0,0,0,20,0,20,0,1,0,26,21,415961,0,0,0,4,9,3,1,1,7,0,0,1,0,0,1,2,1,0,0,0,9,3,18,0,9,2,1,4,8,24,31,55,1,0,0,0,0,0,0,0,3,12,3,6,2,0,0,1,0,3,0,1
160,TTT,0,0,0,1,0,0,0,0,0,0,1,0,0,0,0,1,0,1,0,0,0,0,0,0,0,0,0,0,0,1,0,6,0,2,0,0,0,0,0,0,0,0,1,0,1,0,0,0,0,0,0,4,2,0,0,9,0,0,3,5,2,16,1,416787
161,TAC,0,8,0,0,0,0,0,2,0,0,0,0,0,0,0,0,0,12,0,0,0,2,0,0,0,0,0,0,0,1,0,1,0,2,0,2,0,0,0,0,0,0,0,0,0,0,0,0,3,416044,4,101,1,0,2,0,0,19,1,1,0,4,0,0
162,AGA,48,5,0,7,0,1,0,0,416111,6,42,3,1,0,0,0,0,24,0,8,0,0,0,0,5,14,4,2,0,0,0,2,0,0,0,0,3,0,0,1,99,0,0,0,0,0,0,0,0,0,0,0,0,4,0,3,2,0,0,0,0,0,1,0
163,AAT,2,21,1,415142,0,0,1,1,0,0,0,7,0,0,0,2,0,0,0,6,0,0,0,0,0,0,0,0,0,0,0,0,0,0,0,12,0,0,0,0,0,0,0,0,0,0,0,0,0,0,0,0,1,0,0,1,0,0,0,0,0,0,0,0
164,TTG,0,0,2,0,2,0,0,0,0,1,0,0,3,57,14,14,0,0,0,0,0,0,0,0,0,0,0,0,9,1,9,6,0,0,0,0,0,0,0,0,0,0,1,0,0,5,10,0,2,0,2,0,0,0,6,0,0,0,1,1,53,0,416247,12
165,CTA,0,0,0,0,1,2,0,0,0,1,0,4,18,1,0,3,4,1,0,18,21,0,0,0,6,0,0,0,416071,12,42,5,0,0,1,0,2,6,0,0,0,1,5,0,3,3,4,0,0,0,0,0,2,0,1,0,0,0,0,0,99,2,0,0
166,TGG,0,0,0,0,0,0,0,0,0,0,5,0,0,0,0,0,0,1,0,1,2,0,0,0,0,0,8,0,0,0,0,0,0,0,0,0,0,0,0,0,0,0,2,0,0,0,0,0,0,0,113,0,3,0,0,0,40,0,416547,4,0,1,4,0
167,CTG,0,0,0,1,1,0,2,0,0,0,0,0,11,7,26,4,0,0,1,1,0,12,29,2,0,0,2,0,43,12,414800,23,0,0,0,0,0,0,0,0,0,0,0,0,0,17,40,1,0,0,0,0,0,0,0,0,0,0,0,0,14,0,64,0
168,ACG,0,6,8,0,52,18,415381,8,0,0,3,6,4,2,91,0,0,0,1,0,0,0,0,0,3,1,0,4,4,1,2,0,0,0,1,0,0,6,34,1,2,0,10,1,1,0,0,10,0,14,0,0,0,1,5,7,1,4,0,2,0,1,3,3
169,AAG,58,4,416167,16,11,4,9,9,4,0,35,1,1,0,13,4,7,12,6,7,2,0,1,6,1,1,1,1,7,18,7,3,4,0,40,0,27,12,90,7,0,7,15,0,4,1,3,5,0,1,4,0,6,1,2,75,0,0,0,4,0,0,6,3
170,AAG,23,9,415774,68,2,10,9,2,1,29,86,1,5,12,105,0,2,5,30,16,0,9,1,0,30,1,32,23,8,29,10,1,15,10,45,1,13,84,44,30,0,1,6,2,30,10,6,0,0,30,0,0,4,12,12,15,0,0,6,2,9,4,4,0
171,GGG,8,14,12,9,3,13,18,11,0,11,17,12,0,1,8,7,17,20,4,10,3,0,0,4,1,1,12,0,8,7,13,2,1,11,43,17,7,19,5,4,70,9,415135,3,0,5,10,14,0,0,0,21,12,12,5,0,0,0,10,0,13,34,2,1
172,GAT,0,2,0,63,0,5,1,0,0,1,0,5,2,5,8,3,0,3,3,8,23,8,3,0,0,0,0,1,3,1,10,0,10,21,75,416155,4,20,7,6,1,0,6,53,13,0,0,5,0,1,0,14,0,11,0,7,1,0,0,0,0,1,7,0
173,TCA,3,21,5,6,10,15,44,13,0,43,3,6,3,7,0,8,6,79,6,21,28,3,3,1,7,9,0,0,12,20,17,7,87,41,5,137,0,1,1,2,3,13,0,0,16,22,17,19,8,29,0,42,415611,28,78,23,2,0,3,0,66,1,1,23
174,TAC,0,1,0,0,0,0,0,0,0,0,0,0,0,0,0,0,0,17,0,0,2,0,0,0,0,0,0,0,0,0,0,0,0,1,0,0,0,0,0,0,0,0,0,0,0,0,0,0,8,416367,1,43,0,6,0,0,0,58,12,0,0,14,0,4
175,CCA,143,11,22,10,132,16,10,56,36,5,2,111,5,4,4,4,93,52,144,8,413847,33,56,11,9,35,2,0,24,80,12,8,7,14,3,25,45,10,20,23,49,36,165,5,85,25,56,4,2,11,0,33,31,29,13,14,0,4,0,40,9,1,4,0
176,AAG,88,16,415883,18,31,14,27,18,8,0,116,0,8,2,35,11,12,60,13,148,46,13,20,2,9,1,2,32,4,57,19,64,5,2,27,5,8,1,25,12,2,1,7,1,7,27,12,15,1,27,3,41,1,0,2,16,0,3,1,1,19,6,0,14
177,CTG,0,3,0,0,6,14,10,15,0,11,0,1,0,5,45,89,0,11,3,3,0,0,17,4,0,0,1,0,39,25,416414,64,0,0,0,0,0,18,15,0,0,0,2,0,3,5,11,40,0,1,0,2,3,0,2,4,0,0,6,2,18,6,16,8
178,ACC,0,20,3,2,11,416443,14,23,0,1,2,1,0,30,0,10,0,0,2,1,0,0,0,0,0,0,0,0,1,18,20,1,0,5,8,0,23,63,0,25,3,2,6,0,8,9,1,6,0,2,0,4,5,5,2,13,1,0,1,0,12,12,0,4
179,AAT,5,14,7,416463,21,2,1,14,0,0,1,37,0,5,0,1,8,1,4,7,0,0,0,3,0,0,0,0,6,2,18,3,1,4,10,10,1,9,0,1,2,0,0,4,0,2,4,0,0,0,0,9,0,1,5,4,0,0,0,4,3,12,4,0
180,TCC,3,36,2,3,15,7,5,1,18,2,2,6,5,2,1,1,22,1,14,0,1,17,0,0,4,15,0,3,0,1,0,0,46,3,27,1,0,23,9,3,5,0,6,2,14,4,7,4,0,21,0,11,30,416007,2,16,0,1,17,0,12,27,16,1
181,TAT,0,0,0,5,0,0,0,0,0,0,0,0,0,0,0,0,0,0,0,88,0,0,0,0,0,0,0,0,0,0,0,0,0,0,0,2,0,0,0,0,0,0,0,0,0,0,0,0,5,12,2,416592,0,0,0,3,0,0,4,20,0,0,0,18
182,GTG,16,4,6,0,3,62,38,0,7,4,13,1,4,0,34,4,25,5,2,22,0,1,0,0,8,0,5,7,1,13,4,8,0,2,5,0,14,0,4,0,0,3,0,1,24,23,416085,20,0,8,0,55,7,4,8,0,0,16,4,18,22,14,10,24
183,AAC,7,416947,6,16,0,0,0,0,0,18,0,0,0,2,0,0,0,0,0,0,0,1,0,0,0,0,0,0,0,0,0,0,0,30,2,0,2,0,0,0,0,0,0,0,0,0,0,0,0,0,0,0,0,0,0,0,0,0,0,2,0,0,0,0
184,AAT,6,26,3,416432,8,4,4,26,3,20,0,34,17,4,4,0,5,0,9,19,0,0,0,0,5,0,2,6,0,3,2,0,49,4,5,21,0,6,1,22,0,0,0,7,0,0,3,9,0,0,0,6,0,1,0,33,0,13,0,0,1,2,45,4
185,AAA,416356,29,103,10,4,0,0,0,35,0,0,0,35,4,14,9,0,1,5,3,0,0,0,0,0,49,3,19,17,6,2,2,76,0,0,0,0,1,2,4,0,0,5,7,3,18,2,2,2,1,0,28,0,1,0,0,0,10,17,1,24,0,9,6
186,GGG,0,0,0,2,0,8,11,8,0,0,60,1,0,0,0,0,2,3,0,2,2,0,3,0,0,2,6,0,0,5,1,0,1,10,63,0,2,8,15,0,45,6,416516,4,2,0,4,2,0,0,0,0,15,11,39,39,0,0,52,0,1,0,0,3
187,AAA,416863,13,86,7,3,7,0,3,17,0,12,0,3,0,0,0,5,0,4,2,0,0,0,0,0,4,0,7,3,0,0,9,28,0,0,0,0,0,4,3,0,1,4,0,0,5,15,6,0,0,0,0,2,2,0,0,0,2,0,7,0,0,0,1
188,GAA,14,1,0,0,5,7,2,1,0,4,1,5,3,1,0,0,9,13,43,1,14,2,0,3,0,10,0,15,8,9,4,8,416688,14,39,8,5,3,3,0,33,0,1,0,26,0,0,3,6,1,1,3,25,3,2,12,0,0,1,0,11,0,0,1
189,GTC,0,0,0,0,1,2,0,0,0,0,0,0,3,75,1,27,0,0,0,0,0,0,0,0,0,0,0,0,1,2,0,0,0,0,0,0,2,15,0,0,0,0,0,0,11,416793,7,7,0,1,0,0,0,0,0,0,0,0,0,0,0,5,0,0
190,CTT,0,0,0,0,0,0,0,0,0,0,0,0,5,2,5,11,0,0,0,7,0,0,0,70,0,0,0,9,14,22,5,416495,0,0,0,0,0,0,0,0,1,0,0,0,6,0,0,1,0,0,0,0,0,0,0,0,0,0,0,0,2,0,2,12
191,GTA,0,0,0,0,0,0,0,2,0,0,0,0,26,9,0,41,0,0,0,0,0,0,0,0,0,0,0,0,8,6,12,5,7,0,0,0,10,0,0,0,1,0,0,0,307958,38,29,9,0,0,0,0,0,0,0,0,1,0,0,0,18,0,7,1
192,CTA,0,0,0,0,0,0,0,0,0,0,0,0,7,0,2,0,4,0,0,0,15,0,0,0,4,0,0,0,308118,2,18,1,0,0,0,0,0,4,0,0,0,0,0,0,2,1,9,3,0,0,0,0,0,0,0,0,0,0,0,0,12,1,9,1
193,TGG,0,0,0,0,0,0,0,0,0,0,3,0,0,0,0,0,0,0,0,0,0,0,0,0,0,0,13,0,0,0,0,0,0,0,0,0,0,0,0,0,0,0,3,0,0,0,0,0,0,0,15,0,0,0,1,0,11,0,307719,7,0,0,5,9
194,GGT,0,0,0,0,0,0,0,0,0,0,0,15,0,0,0,0,0,0,0,0,0,0,0,0,0,0,0,1,0,0,0,0,0,0,0,13,0,8,0,4,5,32,24,307766,0,0,0,3,0,0,0,0,1,0,0,0,0,0,0,6,0,0,0,0
195,GTT,0,0,0,0,0,0,1,0,0,0,0,0,10,1,13,63,0,0,1,0,0,0,0,0,0,0,0,0,0,1,1,20,0,0,0,1,0,0,0,44,0,0,0,1,1,74,14,307655,0,0,0,2,0,0,0,0,0,0,0,0,0,1,10,11
196,CAT,0,0,0,4,0,0,0,0,0,0,0,0,0,0,0,0,2,40,4,307838,0,0,0,2,0,0,0,15,0,1,0,0,0,0,0,0,0,0,0,0,0,0,0,0,0,0,0,0,0,0,0,23,0,0,0,0,0,0,0,0,0,0,0,0
197,CAC,4,47,0,4,0,1,5,1,0,0,1,0,4,0,30,13,3,307885,0,36,0,4,0,0,0,10,0,0,1,8,0,2,4,1,9,2,0,8,11,8,2,1,0,2,6,0,1,10,0,34,0,2,2,3,3,2,0,6,6,1,0,1,0,16
198,CCG,0,0,0,0,0,0,5,2,0,0,0,0,0,0,0,0,0,0,10,0,114,0,307908,10,0,0,0,0,0,0,16,0,0,0,0,0,0,0,0,0,0,0,0,0,0,0,0,0,0,0,0,0,0,0,30,0,0,0,0,0,0,0,0,0
199,TCT,0,0,1,2,1,0,0,4,0,0,0,0,0,0,0,0,0,0,0,0,0,0,3,16,0,0,0,0,0,0,0,0,0,0,0,0,0,0,0,2,0,0,6,0,0,2,0,0,0,0,0,43,0,58,3,307996,0,1,0,1,0,1,0,10
200,AGC,0,19,0,0,0,2,0,0,3,307715,0,59,0,19,0,0,0,0,0,0,0,0,0,0,0,0,0,0,0,0,0,0,0,0,2,1,0,0,0,2,0,24,0,3,0,0,0,0,0,0,0,0,1,0,0,4,0,0,0,0,0,0,0,0
201,AGT,0,0,3,24,0,6,4,4,2,5,2,307861,6,2,4,20,7,8,0,0,5,3,0,0,0,0,0,9,8,0,0,13,0,0,0,0,6,1,0,0,0,0,0,21,4,0,0,0,0,2,0,4,1,3,0,0,0,0,4,4,8,4,1,3
202,GAT,1,0,0,26,0,6,1,0,0,2,1,0,3,1,0,5,5,0,1,2,1,5,0,0,1,0,0,1,3,1,4,0,11,33,7,307952,0,0,0,2,0,0,2,23,0,1,15,2,0,2,1,8,2,8,1,7,0,0,0,0,7,2,2,0
203,GAG,0,0,11,0,1,0,0,2,0,0,0,0,0,0,0,1,0,0,6,0,0,0,0,0,1,0,1,0,0,0,0,0,61,12,307796,7,0,0,0,0,0,0,33,2,0,0,4,0,0,0,10,0,0,0,0,0,1,0,0,0,0,0,0,0
204,CAA,6,0,0,0,0,0,0,0,0,0,0,1,0,0,0,0,308033,9,16,1,1,0,0,0,8,0,0,0,1,0,0,0,2,0,0,0,3,0,0,8,0,0,0,0,0,1,0,0,35,0,0,0,1,2,0,0,0,0,0,0,0,0,0,0
205,CAG,0,9,8,35,1,1,5,2,0,0,1,16,2,0,4,1,33,2,307352,4,0,0,4,0,0,0,71,0,0,3,5,0,0,37,9,2,2,0,0,0,3,0,0,5,0,5,3,0,0,0,5,0,0,6,0,4,2,0,0,0,0,5,0,1
206,AGT,0,1,0,19,0,1,9,4,0,15,1,307796,1,0,1,6,2,0,1,8,0,0,0,0,0,0,0,0,0,0,13,0,0,4,13,0,1,0,0,0,0,23,1,20,1,0,4,2,0,28,0,1,0,0,0,40,0,0,0,7,2,0,0,11
207,CTC,7,0,0,0,1,1,0,0,0,0,0,0,2,9,6,1,2,10,0,3,0,6,0,0,0,5,1,1,9,307935,11,4,0,0,1,0,0,1,0,0,0,0,0,0,0,1,3,4,0,10,0,0,1,2,0,0,0,0,1,0,3,11,0,0
208,TAT,0,0,0,0,0,0,0,0,0,0,0,0,0,0,0,0,0,0,0,35,0,0,0,0,0,0,0,0,0,0,0,0,0,0,0,1,0,0,0,0,0,0,0,0,0,0,0,0,0,7,1,307881,0,0,0,1,0,0,0,4,0,0,0,0
209,AGT,1,12,0,65,11,7,9,3,4,35,0,307651,0,0,1,8,2,1,1,0,6,7,5,20,0,0,0,3,12,11,7,0,1,0,31,3,6,0,18,0,3,0,7,73,0,0,2,1,0,0,0,2,9,1,2,0,0,2,2,4,18,3,1,1
210,AAT,2,15,5,306916,5,2,0,9,0,15,0,17,12,7,1,6,2,0,0,16,27,9,2,2,0,14,1,0,0,17,2,2,1,11,0,18,8,2,6,0,1,46,31,22,0,0,0,0,0,0,0,5,8,14,0,3,0,0,2,0,15,1,5,2
211,GGA,11,8,2,2,27,6,0,2,14,24,0,6,5,7,12,0,4,4,1,1,0,24,2,1,2,1,1,1,1,5,2,11,71,3,0,1,8,3,0,11,307431,0,29,7,2,2,1,0,0,1,0,17,32,9,0,11,7,0,7,0,12,5,0,11
212,AAT,9,5,4,307574,3,3,1,4,0,0,4,31,0,0,0,2,0,16,0,8,4,36,0,22,18,2,1,2,17,2,6,19,1,0,2,10,0,0,11,19,0,0,3,0,0,2,16,0,0,16,0,6,1,0,0,1,0,0,0,0,11,11,6,121
213,GCT,15,10,14,6,7,3,11,18,0,1,2,1,0,0,0,10,2,0,0,0,26,63,7,60,0,0,3,0,0,3,0,0,0,0,0,4,3,23,13,307226,24,4,0,2,0,6,23,20,0,0,0,0,0,16,5,12,0,2,0,6,1,0,0,0
214,TAT,3,0,0,6,2,0,0,0,0,2,0,3,0,12,0,0,2,0,1,46,0,0,0,0,0,0,0,7,1,1,0,8,0,0,0,9,0,0,2,1,0,0,0,1,6,4,2,1,6,10,2,307935,2,0,3,20,0,2,0,12,4,4,0,3
215,GTC,0,0,0,0,0,0,2,0,0,0,0,0,6,45,0,5,0,0,0,0,0,0,0,0,0,0,0,0,5,2,1,0,0,0,0,0,1,6,0,2,0,1,0,0,18,308005,6,43,0,0,0,0,0,0,0,1,0,0,0,0,4,3,1,0
216,TCT,1,0,0,1,4,8,5,11,0,9,13,1,1,2,6,0,6,0,2,0,0,0,0,41,4,3,15,1,6,1,0,6,0,4,0,16,0,5,1,5,2,0,0,3,17,7,1,12,0,8,0,18,7,81,12,307717,0,0,0,7,7,1,5,11
217,GTA,0,0,0,0,0,0,0,0,0,0,0,0,19,1,0,0,0,0,0,0,0,0,0,0,0,0,0,0,3,1,0,0,4,0,0,0,11,0,0,0,0,0,0,0,307851,18,45,5,0,0,0,0,0,0,0,0,0,0,0,0,2,0,0,0
218,GCG,0,0,0,0,0,0,17,3,0,8,0,35,0,1,1,2,0,0,18,21,0,0,0,0,0,0,0,0,3,13,2,2,0,0,24,0,42,4,306150,19,0,0,4,0,5,3,76,2,0,3,0,2,0,70,5,3,0,2,12,3,0,27,0,0
219,TCT,3,1,1,0,0,2,3,8,0,0,0,0,0,0,0,0,1,0,3,0,0,0,0,17,0,0,0,0,0,2,0,0,1,2,0,0,0,8,25,1,5,20,3,0,0,2,3,2,0,0,0,9,30,128,26,307597,0,1,3,1,0,0,0,16
220,TCA,4,7,39,16,2,34,1,3,54,2,24,5,0,0,24,6,2,35,5,7,82,38,33,18,5,6,1,11,0,3,13,8,56,10,4,1,8,2,11,1,9,17,19,22,0,5,9,12,1,0,0,16,306962,35,35,3,1,0,4,0,30,4,5,2
221,AAT,12,10,3,307667,1,0,2,21,2,9,2,13,1,2,7,6,2,5,0,36,1,0,2,1,0,0,1,8,1,29,11,4,0,0,0,10,1,17,9,6,18,0,1,8,0,1,10,1,0,0,0,13,0,0,6,0,0,0,0,1,2,0,8,3
222,TAT,0,0,2,2,1,5,6,2,2,0,5,4,2,8,8,8,3,0,2,23,0,0,0,0,1,0,0,4,19,0,5,10,2,0,1,3,0,0,3,1,1,0,0,1,5,4,2,8,0,32,2,307518,9,0,3,0,0,3,0,21,34,2,15,18
223,AAC,10,306859,4,45,0,5,1,0,1,20,2,0,44,18,3,27,28,40,7,6,0,1,0,0,2,4,0,3,58,12,2,4,40,35,3,12,24,16,13,7,24,13,6,5,5,8,0,2,0,176,0,10,3,5,7,3,0,3,3,12,85,74,1,61
224,AGG,8,4,18,6,5,19,5,1,31,37,305618,2,2,0,24,1,26,27,1,24,0,0,0,0,0,106,13,6,5,7,16,2,1,0,2,0,9,6,2,13,1,4,75,6,3,0,0,3,0,5,0,2,10,7,7,2,1,8,13,6,5,2,4,20
225,AGA,35,0,2,0,1,0,0,2,306165,0,12,2,14,0,0,0,1,1,8,1,0,0,0,0,5,0,5,31,1,1,0,0,0,0,0,0,1,2,1,0,43,0,0,0,3,1,0,1,0,0,0,0,0,0,0,0,1,0,1,0,0,0,0,0
226,TTC,0,0,0,0,9,10,6,4,1,0,2,2,3,44,3,27,3,3,0,2,1,0,0,0,0,0,0,0,0,35,3,1,22,2,2,3,1,4,0,0,0,0,0,1,34,15,6,10,0,12,1,0,9,34,0,0,0,8,2,3,11,306837,2,46
227,ACC,3,16,2,2,21,307250,15,25,5,2,4,14,0,55,1,4,4,6,7,1,0,2,0,0,3,15,3,7,3,0,0,8,0,0,4,0,0,82,36,3,0,3,4,0,8,2,5,9,0,16,1,0,10,16,0,0,0,1,0,1,3,2,22,3
228,CCG,0,6,1,1,3,0,54,3,3,12,0,4,3,2,0,11,0,1,14,0,87,13,307122,49,1,2,70,0,2,0,23,0,0,0,0,0,9,8,20,34,1,1,1,7,0,2,16,8,0,0,0,1,4,1,35,1,0,1,0,0,1,1,1,0
229,GAA,19,5,1,0,58,32,15,19,6,1,3,18,1,1,3,1,4,2,5,22,1,7,0,6,1,14,0,5,2,1,0,4,304994,27,32,14,5,3,13,19,38,48,38,2,6,11,3,6,7,25,0,47,3,14,28,78,0,3,24,5,13,31,5,65
230,ATA,4,2,3,3,16,12,1,4,2,4,2,2,307535,8,61,21,4,5,5,0,3,2,9,2,3,2,3,2,19,4,3,2,1,0,1,0,0,10,2,7,0,0,0,2,23,88,40,20,0,14,1,0,2,6,2,1,1,4,0,20,4,19,10,9
231,GCT,0,3,1,2,17,25,9,73,10,9,1,27,1,1,2,4,54,9,50,5,0,1,0,2,0,10,1,12,16,10,17,22,1,0,1,7,10,49,22,303258,5,3,2,10,29,4,0,61,0,13,0,19,60,16,11,43,0,1,61,36,10,5,7,27
232,GCA,36,32,22,21,154,24,11,6,10,6,4,4,13,6,16,94,29,54,13,37,14,24,8,12,9,3,9,51,21,82,87,36,117,20,12,4,305328,4,139,5,4,13,9,26,54,66,13,21,0,8,1,27,19,0,15,6,0,23,8,18,29,27,8,40
233,AGG,5,2,33,6,2,1,1,0,53,1,302626,12,0,2,34,0,0,0,0,6,0,0,0,0,1,1,10,6,1,0,0,0,0,1,1,0,0,0,0,1,1,0,63,3,2,0,3,2,0,3,0,3,2,1,0,1,0,1,6,0,0,1,0,3
234,CCC,22,21,1,1,0,36,33,0,0,2,2,0,1,0,27,0,9,31,1,1,16,306453,0,21,5,15,0,5,0,14,11,4,0,0,0,0,1,18,1,0,0,0,0,0,23,5,4,0,0,0,0,7,0,34,0,0,0,0,0,3,1,29,6,2
235,AAA,305353,21,86,1,9,5,2,59,22,0,0,0,23,7,0,0,12,0,7,0,6,11,15,0,26,76,20,1,24,1,3,19,58,0,2,0,1,10,1,39,4,2,2,7,1,11,2,7,3,12,0,8,2,25,12,4,0,2,2,0,16,9,36,23
236,GTA,2,19,7,6,4,41,0,25,3,1,33,2,94,87,3,12,32,7,7,3,0,0,1,1,9,3,8,5,1,10,7,20,9,12,21,19,17,0,7,3,2,0,0,0,306501,20,24,52,8,6,0,11,5,7,7,13,0,0,9,25,25,7,12,2
237,AGA,42,19,2,7,2,5,10,4,306021,2,38,7,19,2,11,0,4,16,61,8,0,1,0,0,18,13,13,3,15,28,44,14,1,2,10,9,1,10,0,5,38,0,1,2,2,4,0,2,0,45,0,25,0,10,8,9,4,0,4,0,12,3,25,10
238,GAT,0,0,0,15,0,5,1,1,0,1,0,3,1,10,0,0,2,1,0,0,0,3,0,0,0,0,0,0,0,0,0,0,69,16,11,304474,0,0,0,0,1,0,1,14,0,0,0,2,0,1,0,4,1,0,1,0,0,0,1,0,0,0,0,0
239,CAA,21,7,0,2,2,7,1,8,2,2,1,3,4,5,7,6,306055,17,68,11,5,1,0,2,39,2,0,0,9,4,2,3,4,5,10,2,9,7,5,13,0,0,2,0,3,21,0,2,14,0,0,0,5,3,3,6,0,8,1,3,0,0,5,5
240,CAT,4,1,0,14,0,69,4,1,0,0,0,0,1,6,19,7,5,20,3,307686,6,0,10,18,4,0,0,34,3,0,1,6,2,1,6,2,14,3,0,6,1,0,3,2,1,5,4,5,0,0,0,17,0,4,0,0,0,1,0,0,0,0,2,0
241,GGG,0,3,0,0,0,0,0,0,0,0,17,0,0,0,0,0,0,0,0,0,0,0,0,0,0,0,0,0,0,0,2,0,1,1,26,2,0,0,1,0,31,7,307667,72,0,0,4,0,0,0,0,0,1,0,0,3,0,1,12,0,0,2,0,0
242,AGG,0,0,52,0,2,0,1,2,27,0,307563,11,1,0,21,1,1,0,0,0,0,0,0,0,25,6,66,1,0,0,0,0,0,0,0,0,0,0,0,0,0,0,48,0,0,0,0,0,0,2,0,0,0,0,0,0,0,0,8,0,2,0,2,6
243,ATG,0,0,1,0,0,0,14,0,0,0,4,0,19,5,307951,11,3,4,0,0,0,1,0,0,0,0,0,0,0,2,1,0,0,0,0,0,0,0,0,0,0,0,0,0,0,0,15,3,2,0,0,0,0,0,0,0,0,0,0,0,0,0,5,8
244,AAC,7,307749,2,17,6,3,1,1,1,11,10,0,18,10,6,2,20,19,4,6,1,0,0,0,3,0,0,4,3,9,0,32,13,38,13,2,15,1,17,0,0,0,9,4,10,0,3,10,0,11,0,11,0,0,0,6,0,2,7,0,4,3,14,24
245,TAT,0,0,0,5,0,0,1,1,0,0,0,2,1,1,0,0,0,0,0,29,0,0,1,0,0,0,0,0,0,0,0,0,0,0,0,0,0,0,0,0,0,0,0,0,0,1,1,3,8,32,2,307297,0,0,0,4,0,0,0,9,0,0,1,5
246,TAC,0,10,0,0,0,0,0,0,0,0,0,0,0,0,2,0,1,34,3,5,0,0,0,0,0,0,0,0,0,0,0,0,0,1,0,0,12,2,3,2,3,2,1,0,0,1,0,0,4,304608,0,15,0,1,0,0,0,25,0,0,1,9,0,1
247,TGG,0,0,0,0,0,0,0,0,0,0,4,0,0,0,0,0,0,0,0,0,0,0,0,0,0,0,33,0,0,0,1,0,0,0,0,0,0,0,0,0,0,0,1,0,0,0,0,0,0,4,15,2,0,0,0,0,17,1,305963,0,0,0,4,0
248,ACC,2,7,1,1,32,299544,13,49,0,10,0,18,12,22,5,2,6,1,2,6,0,1,0,0,1,5,0,0,0,0,2,28,2,3,2,1,10,42,1,6,0,0,0,0,5,15,3,0,0,4,0,5,6,9,13,6,0,0,2,0,2,0,0,0
249,TTG,1,0,4,0,3,0,12,13,0,0,2,2,3,24,12,1,0,0,0,1,0,0,0,0,1,3,2,0,10,0,51,17,0,0,0,0,0,1,0,0,0,0,0,0,8,1,8,17,0,0,2,0,0,0,28,0,0,1,1,1,30,8,304934,13
250,CTA,0,0,0,0,0,0,0,0,0,0,0,0,12,8,4,22,2,0,0,0,17,0,0,0,0,0,0,0,301651,17,55,4,0,0,0,0,2,0,0,0,0,0,0,0,19,4,29,10,0,0,0,0,0,0,0,0,0,0,0,0,70,0,3,0
251,GAA,51,4,4,14,0,7,1,5,1,0,0,4,0,0,9,4,20,4,17,4,13,26,0,3,12,1,0,1,1,24,4,20,306698,6,31,5,3,4,0,1,20,2,0,0,5,0,2,3,10,2,0,7,8,11,1,14,3,5,0,2,6,1,11,4
252,CCC,0,0,3,0,1,10,0,1,0,0,1,2,0,3,0,0,4,19,0,20,41,303772,10,31,7,1,4,1,0,1,0,0,0,3,0,3,15,19,1,15,0,0,0,0,1,1,2,0,0,0,0,0,0,16,3,5,0,0,0,0,0,0,0,0
253,GGA,6,7,0,3,1,6,2,6,52,0,0,0,0,0,3,0,3,2,1,1,0,0,0,0,0,4,3,0,4,3,2,2,40,2,12,11,0,0,24,6,305149,16,102,16,3,0,0,0,0,4,0,0,24,4,3,2,4,0,3,0,4,11,0,5
254,GAC,0,23,0,3,0,3,0,0,0,0,0,2,0,0,0,0,24,27,6,10,0,0,0,0,0,0,0,0,0,0,0,0,25,305647,14,23,8,3,14,0,5,14,9,0,4,2,0,0,2,5,1,0,6,8,0,0,0,0,0,0,0,0,0,0
255,ACA,43,8,0,1,302710,82,28,22,10,4,4,2,14,0,7,2,10,8,3,8,2,0,0,3,1,3,4,5,1,1,0,2,9,2,3,1,11,15,2,2,2,0,2,12,0,3,0,1,1,7,0,30,2,55,1,1,0,0,3,1,0,4,0,8
256,ATA,1,0,0,0,18,0,0,0,2,0,0,0,306862,30,25,21,0,0,0,0,0,0,0,0,0,0,0,0,3,7,5,3,0,0,0,0,2,0,0,1,0,0,0,0,24,2,0,15,0,0,0,0,1,0,0,0,2,0,0,0,60,0,5,0
257,ATA,2,5,0,1,16,1,7,14,0,8,3,36,305802,11,59,12,55,3,30,12,0,0,0,0,0,0,0,3,19,55,9,10,1,10,5,9,27,20,11,12,2,19,7,13,65,2,11,2,0,37,0,49,8,10,24,6,1,11,40,3,56,16,3,0
258,TTT,0,0,0,0,0,0,0,0,0,0,0,0,0,3,2,4,0,0,0,0,0,0,0,0,0,0,0,0,57,0,3,15,0,0,0,0,0,0,0,0,1,0,0,0,3,2,0,6,0,0,1,3,0,0,0,3,0,0,2,0,26,29,8,306935
259,GAG,0,2,16,0,0,0,0,0,0,0,1,2,0,0,0,2,0,6,1,0,0,0,0,0,0,1,1,0,0,0,0,0,32,1,307415,26,1,0,9,0,0,1,71,0,0,0,16,0,0,0,2,0,1,0,1,0,0,0,0,0,0,0,0,0
260,GCA,0,0,0,0,42,3,0,9,0,0,0,0,0,0,0,0,0,0,0,0,0,0,0,0,0,0,0,0,0,0,0,0,11,0,0,0,305223,0,6,6,17,0,1,13,24,0,0,0,0,0,0,0,7,14,2,1,0,0,0,0,0,0,0,0
261,ACT,0,1,1,5,23,56,4,305762,4,62,0,7,0,0,2,8,1,0,5,0,0,0,0,0,0,0,0,1,0,1,2,0,5,0,0,4,0,0,8,6,3,1,0,0,2,1,1,0,1,0,0,0,2,19,0,9,0,0,2,0,2,1,3,1
262,GGT,0,0,0,0,0,0,0,0,0,0,0,14,0,0,0,0,0,0,0,0,0,0,0,0,0,0,0,0,0,0,0,0,0,0,0,14,0,1,0,0,3,40,10,307489,0,0,0,1,0,0,0,0,0,0,0,0,0,0,0,0,0,0,1,4
263,AAT,2,30,1,307224,0,0,0,2,0,0,0,6,0,0,0,1,0,0,0,2,0,0,0,0,0,0,0,0,0,0,0,0,0,0,0,18,0,0,0,0,0,0,0,0,0,0,0,0,0,0,0,0,0,0,0,0,0,0,0,0,0,0,1,0
264,CTA,0,0,0,0,0,0,0,0,0,0,0,0,18,1,1,3,3,4,0,0,52,0,0,0,0,0,0,0,307079,7,45,2,0,0,0,0,0,0,0,0,0,0,0,0,3,0,0,0,0,2,0,12,0,0,0,0,0,0,7,0,4,9,5,1
265,ATA,5,0,0,0,3,0,0,0,2,0,0,0,307258,14,45,13,0,0,0,0,0,0,0,0,0,2,0,0,12,5,13,6,0,0,0,0,1,8,1,1,2,0,0,0,18,0,3,4,0,0,0,0,0,0,0,0,0,0,0,2,124,0,9,0
266,GCA,0,0,0,0,25,0,3,0,0,0,0,2,1,0,0,0,0,0,0,0,1,0,0,0,0,0,0,0,0,0,0,0,8,0,0,0,307392,10,18,4,0,1,1,0,37,1,6,4,0,0,0,0,7,0,0,0,0,0,0,0,0,0,0,0
267,CCA,0,0,0,0,4,0,0,0,0,0,0,0,0,0,0,0,5,0,0,0,306776,24,26,10,0,0,0,0,3,0,0,0,0,0,0,0,1,0,0,0,0,0,0,0,0,0,0,0,0,0,0,0,15,0,0,0,0,0,0,0,0,0,0,0
268,TGG,0,0,1,0,0,11,0,10,1,1,3,1,1,1,0,0,3,4,2,0,0,0,0,0,0,2,17,1,9,1,0,1,0,0,2,0,2,7,4,7,4,0,30,2,0,0,0,0,0,4,12,0,1,1,1,2,13,10,307068,16,1,0,14,0
269,TAT,0,0,0,3,0,0,0,1,0,1,0,0,1,2,4,0,4,3,0,35,0,0,0,0,0,0,0,0,0,0,0,0,0,0,0,0,0,0,0,0,0,0,0,0,0,1,1,0,1,12,2,307667,0,0,0,2,0,0,2,13,0,4,0,5
270,GCT,0,0,0,0,0,1,0,36,0,1,0,0,0,0,0,0,0,0,0,0,0,0,0,1,0,0,0,0,0,0,0,0,0,0,0,5,17,23,29,307246,1,9,1,22,0,0,0,19,1,0,0,0,0,0,7,7,0,0,0,0,0,0,0,0
271,TTC,0,0,0,0,0,0,0,0,0,0,0,0,0,2,0,0,0,11,0,0,0,0,0,0,0,0,0,0,0,11,3,0,0,0,0,0,0,2,0,0,0,0,0,0,0,0,0,4,0,12,0,3,0,20,0,0,0,1,9,1,3,307600,5,63
272,GCA,4,0,4,0,63,1,10,6,0,0,0,5,0,1,0,18,22,2,5,2,0,0,0,0,3,1,0,2,13,0,6,0,11,0,31,1,307368,3,29,2,5,2,1,24,23,4,0,0,0,0,0,1,30,2,0,2,0,2,1,0,5,1,1,0
273,CTG,0,0,0,0,3,0,3,0,0,0,0,0,84,0,9,12,0,0,3,0,0,0,81,0,0,0,7,0,23,2,307189,22,0,0,0,0,0,6,0,0,0,0,0,0,9,0,12,14,0,0,0,0,0,0,0,0,0,0,0,0,11,0,25,4
274,AGT,14,27,9,37,10,19,5,7,26,23,8,307033,10,10,28,21,8,8,0,7,0,3,0,0,7,3,10,2,4,8,5,5,1,2,9,5,6,35,5,2,37,13,0,39,1,14,7,7,0,24,0,3,42,11,9,12,0,0,8,5,5,3,9,3
275,AGA,17,0,2,1,4,0,5,0,307692,2,82,8,9,0,0,0,1,1,0,4,0,2,2,1,31,1,6,2,0,1,0,0,0,0,0,0,0,0,1,0,18,1,3,0,4,0,0,0,0,5,0,4,2,2,0,4,0,0,0,0,0,2,1,1
276,GGG,1,12,0,28,1,27,6,11,8,5,39,7,6,5,0,1,11,5,5,19,5,1,0,0,0,4,4,0,3,6,0,2,8,1,14,6,3,15,19,13,88,23,307380,8,0,3,6,0,0,1,0,2,24,37,5,25,2,10,27,0,0,2,5,1
277,TTT,40,6,13,12,18,12,26,2,7,15,31,10,27,21,21,5,26,22,6,4,4,6,8,2,1,0,3,0,17,1,5,62,6,27,9,3,2,7,45,11,2,4,4,12,28,15,17,15,1,3,0,19,5,17,21,30,1,0,6,15,6,99,38,307073
278,GAG,9,17,20,2,3,22,12,12,0,2,3,2,6,2,3,4,15,3,6,8,27,4,5,8,2,2,13,1,8,11,35,4,49,9,307377,19,12,16,12,10,6,6,58,26,8,3,18,11,0,15,8,27,6,9,11,2,0,0,16,1,12,22,9,16
279,TCC,0,0,0,0,2,13,0,0,0,0,0,0,0,0,0,0,2,1,4,13,0,17,0,0,3,1,0,0,0,4,1,0,0,0,0,0,0,13,1,0,0,1,0,0,0,0,0,0,0,8,2,0,27,307210,23,76,5,10,0,0,1,10,0,0
280,GGC,1,2,0,1,0,2,8,4,1,85,0,0,0,3,0,3,1,0,0,0,0,5,1,0,0,5,5,0,0,1,0,1,0,41,0,0,5,4,3,23,13,307299,7,42,0,4,0,1,0,0,0,1,0,4,4,5,0,6,0,0,0,0,0,0
281,ATC,0,2,0,0,0,23,0,0,2,1,0,0,7,307477,2,41,0,0,0,0,0,0,0,0,0,0,0,1,5,3,6,0,0,0,0,0,0,0,0,0,0,0,0,0,10,8,2,5,0,0,0,4,0,0,0,0,0,2,1,0,5,9,0,3
282,ATC,0,3,0,0,0,27,0,0,0,1,0,0,11,307130,7,23,1,0,0,0,0,0,0,0,0,0,0,0,16,9,0,12,0,3,0,0,0,0,0,0,0,0,0,0,11,37,0,5,0,0,0,0,0,0,0,0,2,0,1,0,0,6,0,0
283,ACC,11,7,21,5,36,307360,5,20,13,12,8,19,7,19,21,2,13,0,39,4,0,1,0,1,0,10,10,14,16,4,19,36,12,0,18,0,8,21,6,0,0,0,1,0,22,0,9,30,1,0,0,26,2,14,11,10,0,2,3,9,11,0,33,16
284,TCA,0,0,0,0,18,14,3,12,0,3,0,8,0,0,0,0,1,0,0,0,62,0,0,0,0,0,0,1,0,0,1,3,0,0,0,0,3,0,0,0,0,0,0,0,0,1,0,0,6,0,0,0,307316,34,49,37,0,0,1,0,3,0,1,0
285,AAC,14,306973,2,126,6,35,35,8,3,15,3,18,12,2,2,9,6,14,6,0,1,1,0,0,1,0,0,1,13,0,10,4,66,26,4,0,2,6,11,9,11,18,12,8,1,6,6,1,1,5,0,6,10,17,0,11,0,0,0,0,6,6,9,6
286,GCG,34,1,8,12,10,16,52,24,8,0,0,0,24,0,3,6,5,0,5,25,0,0,2,0,0,11,2,2,3,189,2,10,0,0,22,0,96,118,404258,29,1,8,2,3,1,0,32,1,0,3,0,2,0,1,9,0,0,2,1,0,24,2,0,0
287,TCA,3,8,2,3,15,1,3,10,0,0,7,2,0,1,0,0,8,1,15,1,56,22,3,24,0,1,3,4,5,1,0,1,11,1,3,19,21,1,4,1,0,0,0,0,0,0,0,4,1,1,0,4,404745,10,20,7,3,0,0,0,31,1,0,0
288,ATG,0,3,15,4,15,6,16,18,1,11,8,0,109,6,404547,32,9,0,2,1,3,22,16,1,0,0,5,0,7,0,8,15,0,0,2,2,0,0,0,0,0,0,3,0,32,0,13,0,0,7,0,16,1,4,0,0,0,12,7,2,5,10,11,4
289,CAT,0,0,1,17,4,14,0,9,1,3,2,18,14,4,2,0,13,15,3,404511,0,0,0,3,8,1,0,36,0,2,8,4,0,0,0,25,12,1,6,3,1,0,134,1,5,0,16,11,0,2,0,123,5,4,2,1,0,2,0,1,1,0,0,0
290,GAG,0,9,11,1,3,1,3,5,0,16,0,2,1,5,7,0,2,3,5,0,10,25,1,1,0,0,0,0,1,4,2,1,39,35,404467,42,9,7,12,0,0,6,51,3,1,1,6,2,0,5,12,6,2,23,3,4,5,0,0,0,7,4,0,2
291,TGT,0,2,0,0,0,1,0,0,0,0,0,2,0,1,0,0,0,0,0,0,0,0,0,0,0,0,0,18,0,0,0,0,1,0,0,0,2,0,0,0,0,0,0,4,3,0,0,0,2,0,1,62,0,0,0,0,12,71,2,404841,0,0,0,1
292,AAC,8,404403,5,40,4,17,0,5,0,58,0,16,4,11,0,0,13,38,4,0,0,2,0,0,0,0,0,0,0,0,0,0,7,114,0,0,0,3,0,0,0,1,0,0,4,0,0,2,0,12,0,4,27,50,0,22,0,0,0,2,1,0,0,5
293,ACG,0,0,7,0,93,10,404705,33,0,2,5,0,0,1,13,0,0,0,0,0,0,0,3,0,0,0,0,0,0,0,1,0,0,0,0,0,7,0,53,2,3,0,0,0,4,0,0,0,0,0,3,0,4,18,0,0,0,2,0,2,0,0,0,0
294,AAG,59,28,404210,48,3,23,20,6,12,6,66,2,0,5,23,8,3,1,11,29,2,0,0,0,14,7,11,26,11,27,20,46,2,4,89,23,2,1,8,9,4,3,0,3,4,11,9,11,0,1,2,1,7,16,59,19,1,3,9,0,10,15,6,16
295,TGT,0,0,0,0,0,0,0,0,0,0,1,2,0,0,1,0,0,0,0,0,0,0,0,0,0,0,0,5,0,0,0,0,0,0,1,0,0,0,1,0,0,0,0,2,0,0,1,1,1,0,0,41,0,1,0,0,4,64,0,404977,0,0,1,10
296,CAA,3,0,0,0,1,1,0,0,1,0,0,0,2,0,2,3,404801,10,26,1,0,0,0,0,110,0,0,0,3,0,0,0,1,0,0,0,0,0,0,0,0,0,0,0,0,1,0,0,18,0,1,0,0,0,0,0,0,0,0,0,0,0,0,2
297,ACA,5,0,0,0,404688,9,36,5,0,0,0,1,34,0,0,2,0,0,0,0,6,0,0,0,0,0,0,0,1,0,0,1,0,0,0,0,53,3,0,0,0,0,0,1,0,0,0,0,0,0,0,1,33,0,2,4,0,0,0,0,0,0,4,0
298,CCC,0,0,0,0,0,7,0,0,0,0,0,1,0,0,2,0,0,8,0,0,18,404981,10,23,0,0,0,0,0,9,0,0,0,0,0,0,0,14,1,2,0,0,0,0,0,3,0,2,1,0,0,0,1,15,0,0,0,0,0,0,0,0,0,0
299,CAG,0,4,50,21,1,19,5,20,8,30,0,8,27,5,9,5,31,3,404071,93,3,11,61,17,0,32,130,13,3,2,24,24,23,24,6,19,10,10,3,7,0,0,2,0,1,2,4,13,0,1,6,51,9,4,1,13,0,11,11,6,4,1,1,21
300,GGA,0,0,0,0,0,0,0,0,22,0,0,0,0,2,0,0,2,0,0,7,0,0,0,0,0,0,0,0,2,0,0,0,13,0,1,2,0,0,0,0,404744,3,48,4,6,0,0,0,0,0,0,0,1,0,0,0,11,0,0,0,0,0,0,0
301,GCT,0,2,0,0,1,0,0,43,0,6,0,13,0,0,0,0,0,0,0,0,0,0,0,0,0,4,0,0,0,0,0,0,0,0,0,17,14,89,13,404785,2,0,5,5,0,0,0,41,0,0,0,0,0,5,5,23,2,0,0,0,0,0,0,0
302,ATA,7,0,0,0,25,1,0,0,1,0,0,0,404641,4,29,3,0,0,0,0,0,0,0,0,0,0,0,0,10,6,11,2,0,0,0,0,0,0,0,0,0,0,0,0,10,4,2,0,3,0,1,0,0,0,0,0,0,0,0,0,5,0,10,5
303,AAC,11,404519,3,55,4,10,6,5,5,16,0,1,0,0,18,16,9,5,1,1,4,2,1,2,0,1,3,1,0,1,42,0,66,35,5,3,24,10,0,0,0,24,11,0,0,3,0,4,0,2,0,5,1,7,2,10,0,0,2,0,9,0,15,25
304,AGC,0,89,0,0,3,7,1,1,6,404686,6,118,0,2,0,0,0,0,0,0,0,0,0,0,0,3,0,0,0,0,0,0,0,0,0,0,0,0,4,0,20,19,0,0,0,0,0,0,0,0,0,0,10,2,1,0,0,3,0,0,0,0,0,0
305,AAT,1,21,0,404911,0,0,0,5,1,5,0,42,0,0,6,4,0,0,0,5,1,0,0,1,0,0,0,10,0,0,1,1,0,0,0,8,14,0,0,13,4,0,3,5,1,0,0,6,0,0,0,3,1,0,0,6,0,0,0,0,0,0,0,2
306,CTC,20,0,5,0,0,2,0,0,16,0,19,0,0,7,2,0,0,16,1,1,0,59,0,0,2,12,7,0,35,404569,7,47,0,0,0,0,28,10,0,0,0,0,0,0,1,6,6,0,0,0,0,8,3,0,5,0,1,0,2,8,2,46,14,0
307,CCT,1,0,0,1,1,0,0,6,0,0,0,0,0,0,0,2,0,0,0,16,22,71,34,404234,0,0,0,0,0,0,3,35,0,0,0,0,3,0,0,3,0,0,0,0,4,0,1,0,1,0,0,0,0,0,2,10,0,1,0,0,2,0,0,0
308,TTC,0,0,0,0,0,0,1,1,0,0,0,0,0,3,1,1,0,0,1,0,0,0,0,0,2,0,0,0,1,8,1,0,0,0,0,0,0,1,0,0,0,0,1,0,0,2,0,0,0,10,0,1,0,45,0,0,1,1,1,0,7,404859,8,61
309,CAG,0,0,5,0,0,0,0,0,0,1,0,0,0,0,1,0,59,1,404576,11,0,0,5,0,0,0,86,0,0,0,7,0,0,0,1,0,0,0,1,0,0,0,0,0,0,0,0,0,0,0,21,0,0,0,0,0,0,0,0,0,0,0,0,0
310,AAT,13,23,2,405005,0,0,0,3,0,0,0,12,0,0,0,0,0,0,0,0,0,0,0,0,0,0,0,0,0,0,0,0,0,0,0,14,0,0,0,0,2,0,0,1,0,0,0,0,0,0,0,4,7,2,2,2,0,0,0,0,0,0,0,2
311,ATA,4,0,0,0,18,0,0,0,4,0,0,0,404803,24,50,18,1,0,0,0,0,0,0,0,0,0,3,0,9,2,0,1,0,0,1,0,0,0,0,1,0,0,0,0,56,16,7,0,0,0,5,0,0,0,0,0,0,1,0,1,10,0,1,0
312,CAC,0,6,0,1,61,5,11,7,0,41,0,10,0,0,0,0,5,404556,0,56,0,5,0,0,0,20,1,0,0,0,0,0,1,20,0,21,2,0,12,21,19,11,5,6,0,0,2,0,0,64,0,0,12,4,11,22,0,2,1,0,0,0,0,0
313,CCA,0,0,4,0,15,0,0,0,8,29,3,0,0,0,1,2,14,0,11,5,404787,23,58,7,1,6,5,2,19,0,0,0,1,0,0,0,6,3,1,11,0,3,2,0,0,0,1,0,0,1,0,0,17,4,0,2,0,0,27,0,0,0,0,0
314,GTC,1,13,8,6,1,2,1,3,27,21,7,5,24,25,13,16,5,4,2,21,1,1,0,0,0,5,0,3,6,26,2,0,2,4,1,3,4,42,6,5,0,4,0,11,33,404075,19,43,0,18,0,32,18,11,6,4,2,0,4,0,2,23,3,8
315,ACA,3,1,0,1,404509,19,85,26,5,4,0,30,19,0,1,20,3,28,1,2,0,2,1,0,4,1,6,1,0,1,3,1,0,0,0,0,18,6,8,16,16,14,8,12,11,4,31,14,0,1,0,8,29,4,8,0,0,16,4,8,2,12,2,19
316,ATA,4,0,0,1,8,0,1,1,0,0,0,0,404804,26,79,20,0,0,0,1,1,0,1,0,0,2,0,0,12,1,0,3,0,0,0,0,0,2,0,0,0,0,0,0,15,1,2,2,0,0,0,0,0,0,0,0,1,0,0,0,11,0,2,2
317,GGA,0,0,0,2,0,0,0,0,21,0,0,0,0,0,2,0,0,0,0,0,0,2,0,0,1,2,0,0,0,0,0,1,8,0,0,0,0,2,0,0,404603,25,102,32,3,0,0,0,0,0,0,0,1,2,2,0,23,0,0,0,0,0,0,0
318,GAG,7,7,25,2,14,52,16,21,9,9,1,4,2,5,15,1,26,50,6,12,0,0,0,0,3,7,6,35,11,6,3,4,62,5,403658,9,26,16,7,4,0,0,26,0,0,2,12,18,2,3,5,2,51,33,9,26,1,1,0,0,3,3,12,2
319,TGC,0,0,0,0,0,0,0,1,0,6,0,0,0,0,0,0,0,0,0,0,0,0,0,2,0,10,0,0,0,0,0,0,0,0,0,0,0,0,0,0,0,1,0,0,0,0,0,0,0,97,0,0,1,1,0,0,9,404287,4,91,0,13,2,0
320,CCA,0,0,0,0,10,0,0,0,0,0,0,0,0,0,0,0,5,0,0,0,404738,71,14,24,1,0,0,0,16,0,0,0,0,0,0,0,2,0,0,0,0,0,1,1,0,0,0,0,0,0,0,0,19,0,0,0,0,0,0,0,0,0,0,0
321,AAA,404625,3,20,4,14,49,5,22,38,1,11,6,49,0,5,24,1,5,7,0,0,0,0,0,50,2,26,13,9,7,6,5,10,0,0,0,0,0,3,2,0,1,0,0,12,4,5,15,2,0,0,0,5,1,1,5,0,0,0,0,23,0,0,2
322,TAT,0,0,1,1,0,1,0,0,0,0,0,0,0,0,0,0,0,0,0,16,0,0,0,1,0,0,0,0,0,0,0,0,0,0,0,0,0,0,3,0,0,0,0,0,0,0,0,0,9,19,1,403444,0,0,0,2,2,0,0,32,2,16,0,38
323,GTC,0,0,0,0,1,2,0,3,0,0,0,0,7,213,0,0,0,0,0,0,0,2,0,0,0,0,0,0,1,16,9,5,0,9,0,1,0,13,0,0,1,5,2,0,51,401651,7,121,0,0,0,0,0,4,0,0,0,0,0,0,55,7,1,1
324,AGG,8,0,41,2,13,7,10,0,47,0,402931,5,0,0,8,0,2,6,7,50,0,0,0,0,23,38,110,15,1,12,8,1,0,0,2,1,2,8,0,16,1,0,94,0,0,0,1,0,0,1,1,4,0,13,1,2,1,0,3,1,4,0,5,0
325,AGT,0,0,0,44,2,8,14,7,0,53,1,403717,0,0,0,10,1,2,1,0,0,0,0,0,0,1,0,2,3,2,3,9,0,0,0,0,1,0,0,1,0,0,0,31,0,2,2,0,1,0,0,0,31,5,18,6,0,4,0,2,5,3,3,0
326,ACC,3,6,0,1,24,404208,15,38,11,6,15,19,2,51,3,0,1,0,1,5,5,15,10,0,0,28,10,0,4,14,2,0,0,1,23,2,8,56,0,1,14,22,15,0,3,1,0,4,0,1,0,0,0,17,5,17,0,1,1,0,0,28,10,3
327,AAA,404873,24,14,7,6,0,0,2,4,0,13,2,1,0,1,0,10,4,2,1,1,0,0,0,1,0,1,13,0,0,0,0,26,1,0,0,4,1,1,0,0,0,13,3,0,1,1,0,3,0,0,1,0,1,0,1,0,3,0,0,0,0,0,0
328,TTG,0,0,0,0,1,0,0,0,0,0,0,0,4,3,5,0,0,0,0,0,0,0,0,0,0,0,0,0,7,1,34,27,0,0,0,0,0,1,0,0,0,0,0,0,0,0,1,0,0,2,6,0,0,0,4,0,0,0,3,0,31,0,402858,4
329,AGG,0,0,24,2,1,10,5,1,105,0,402462,7,0,0,35,1,0,1,1,3,0,1,0,0,1,0,9,2,0,0,2,0,0,0,1,0,0,6,0,2,0,0,44,0,7,0,3,2,0,0,0,0,6,0,0,0,0,0,9,0,0,0,0,0
330,ATG,0,0,4,0,0,0,5,0,0,0,1,0,29,0,403034,7,0,0,0,0,0,0,0,0,0,0,0,0,0,8,23,7,0,0,0,0,0,0,0,0,0,0,0,0,0,0,43,0,1,0,1,0,0,0,0,0,0,0,0,0,0,0,5,0
331,GTT,0,0,0,0,0,0,0,0,1,0,0,0,0,0,0,23,0,0,0,0,0,0,0,0,0,0,0,0,0,0,0,0,0,0,0,4,5,2,4,9,0,0,3,1,8,25,29,403200,0,0,0,0,0,1,0,0,0,6,0,1,0,0,0,3
332,ACA,8,0,0,0,403704,32,175,22,1,0,1,0,58,0,0,0,0,2,0,0,2,0,0,0,0,0,0,0,0,0,0,0,0,2,0,0,19,0,0,0,0,0,0,0,0,0,3,2,0,0,1,0,2,0,0,2,0,0,0,0,1,0,2,0
333,GGA,0,0,0,0,0,0,0,0,19,0,0,0,0,0,0,0,0,0,1,0,0,0,0,0,0,0,0,0,0,0,0,0,44,1,0,0,0,0,0,0,403039,2,52,5,4,0,0,0,0,0,0,0,0,0,0,0,28,0,0,0,0,0,0,0
334,CTA,0,0,0,0,0,0,0,0,0,0,0,0,5,3,6,0,7,0,0,0,90,79,11,0,0,0,0,0,403719,17,25,55,0,0,0,0,0,0,0,0,0,0,0,0,9,21,0,0,11,0,0,0,0,0,0,0,1,0,0,0,15,0,4,0
335,AGA,22,0,0,0,0,0,0,0,403986,1,27,1,4,0,0,0,0,0,0,6,0,0,0,0,8,1,4,5,0,0,0,0,1,0,0,0,0,0,0,0,21,0,0,0,0,0,0,0,0,0,0,0,0,0,0,0,0,0,0,0,0,0,0,0
336,AAC,9,404977,1,41,0,3,0,0,0,14,0,0,0,2,0,0,1,1,0,0,0,0,0,0,0,0,0,0,0,0,0,0,0,9,0,0,0,0,1,0,0,0,0,0,0,0,0,0,2,0,0,0,0,0,0,0,0,0,0,0,0,0,1,0
337,ATC,16,68,0,19,0,41,1,0,16,15,4,0,16,404341,5,29,11,2,8,7,0,0,0,0,1,149,22,9,14,2,10,3,1,1,2,2,7,5,42,0,5,0,0,3,4,18,8,0,0,3,0,0,3,5,3,0,0,6,2,0,5,1,17,0
338,CCA,0,5,2,1,7,0,0,0,4,0,1,0,0,0,0,0,22,2,0,15,404679,39,20,4,0,3,0,1,18,0,0,0,4,0,0,0,26,4,3,9,9,0,3,0,6,0,2,0,0,0,0,0,21,0,0,0,0,0,0,4,3,0,0,0
339,TCC,2,4,0,4,7,24,4,15,18,3,0,8,42,10,6,5,1,7,9,1,0,48,0,1,3,2,1,4,0,8,0,8,0,3,0,0,75,48,0,11,8,0,13,16,17,0,14,0,0,5,0,0,54,404157,7,35,2,7,0,0,1,26,48,1
340,ATT,20,0,8,0,0,0,0,9,26,0,24,8,9,39,4,404690,1,3,2,0,0,0,7,0,22,0,3,7,5,9,1,4,0,0,0,0,0,2,0,0,0,0,0,0,1,0,4,11,0,0,0,0,0,1,1,0,0,1,0,5,0,1,2,7
341,CAA,13,0,0,0,5,5,4,0,0,11,0,1,0,0,1,2,404775,1,10,5,0,0,0,0,47,2,4,0,3,0,0,0,5,0,0,0,1,3,1,11,1,4,0,0,0,0,0,0,8,0,0,0,1,5,6,0,0,0,0,0,0,0,0,0
342,TAC,0,7,0,0,2,1,3,0,0,0,0,0,3,0,1,0,0,21,0,4,0,1,0,1,3,0,1,0,2,0,1,0,0,1,0,0,0,0,0,0,0,0,0,0,0,1,0,0,6,397374,4,34,0,0,0,0,0,24,0,0,2,19,2,1
343,AGA,58,0,1,0,1,0,1,0,400440,2,139,5,10,0,0,0,0,0,7,0,0,0,1,0,21,42,0,1,0,0,0,1,0,0,2,0,0,0,1,0,23,0,0,0,0,0,0,0,0,0,0,0,0,0,0,0,1,0,0,0,0,0,0,0
344,GGT,0,0,0,0,0,0,0,0,0,0,7,13,0,0,0,0,0,1,0,0,0,2,0,0,0,0,0,1,0,0,0,0,1,0,3,12,7,0,0,0,21,21,14,402089,0,2,0,5,0,0,0,0,0,3,0,1,0,0,0,13,1,1,0,0
345,CTA,0,0,0,0,0,0,0,1,0,0,0,0,12,9,3,13,4,0,0,0,49,0,0,0,2,0,0,0,396507,15,40,23,0,0,0,0,0,0,0,1,0,0,0,0,24,6,0,1,2,0,0,2,0,0,0,6,0,0,0,0,24,2,10,0
346,TTT,0,0,0,0,0,0,0,0,0,0,0,0,17,3,0,18,0,0,0,0,0,0,0,0,0,0,0,0,4,4,1,18,0,0,0,0,0,0,0,0,0,0,0,0,0,0,0,6,1,0,0,5,0,0,0,8,0,0,0,1,25,84,0,403331
347,GGA,3,0,0,1,0,0,0,0,15,0,4,0,0,0,8,0,0,0,5,0,0,0,0,0,15,3,1,12,21,8,0,7,10,0,0,0,0,3,7,0,401891,15,81,50,5,0,1,0,0,0,0,0,2,4,10,15,0,1,0,0,13,0,3,0
348,GCC,0,0,1,2,0,21,0,0,0,2,0,0,0,0,1,0,0,0,0,0,0,0,0,0,0,0,0,0,0,0,0,0,0,6,0,0,19,391648,49,12,0,1,1,0,0,49,0,0,0,0,0,0,0,17,1,0,0,0,0,0,2,2,0,0
349,ATT,0,0,0,1,0,0,0,10,0,0,0,2,34,27,2,403256,0,0,0,0,2,0,0,0,0,0,0,0,1,0,1,3,0,0,0,0,1,1,0,0,0,0,0,0,26,1,17,48,1,0,0,0,0,0,0,0,0,0,0,1,0,0,0,1
350,GCT,1,0,0,0,2,3,0,94,0,3,1,19,1,0,0,0,0,0,1,0,0,0,2,1,0,0,0,4,0,0,1,0,0,0,0,13,21,94,15,404051,0,9,0,0,0,0,1,27,0,0,10,0,1,21,11,11,0,1,1,0,0,0,0,1
351,GGT,0,0,0,1,0,0,0,0,0,0,0,15,0,0,0,0,0,0,0,0,0,0,0,1,0,0,0,0,0,0,0,0,0,0,0,16,0,0,0,1,6,48,75,404573,0,0,0,9,0,0,9,0,0,0,0,0,1,0,0,2,0,0,0,0
352,TTT,0,0,0,1,0,0,0,0,0,0,0,0,0,0,0,4,0,0,0,0,1,2,0,0,0,0,0,0,0,1,0,15,0,0,0,1,0,0,2,0,0,1,0,0,0,0,0,1,0,0,0,2,0,0,0,9,0,0,6,3,4,38,0,403983
353,ATT,0,0,1,5,0,1,0,9,1,0,1,5,14,63,5,404158,0,0,0,1,0,0,0,0,0,0,0,0,1,3,18,22,0,0,0,0,0,0,0,0,0,0,0,0,20,28,33,34,0,0,2,0,0,0,0,0,0,0,0,0,16,6,9,3
354,GAG,1,1,21,0,0,3,0,0,0,0,0,0,0,2,0,1,0,2,1,0,0,0,0,0,0,0,0,0,0,0,1,0,71,0,404374,40,2,0,2,0,0,0,59,0,2,5,28,0,0,1,14,0,0,0,2,0,1,3,0,0,0,0,8,0
355,GGG,0,0,0,2,0,0,0,0,0,0,19,0,0,3,0,0,0,0,0,0,0,0,1,0,0,0,0,0,0,0,1,0,0,0,21,0,1,0,0,0,74,68,404630,59,1,1,5,0,0,0,1,1,0,1,0,0,0,1,8,0,0,1,0,0
356,GGA,0,0,0,0,0,0,1,0,47,0,1,0,0,0,0,0,0,0,0,0,0,0,1,0,0,0,0,0,1,0,0,0,50,0,1,12,2,0,1,2,403131,24,938,26,8,0,0,0,0,1,0,0,0,0,0,0,11,0,0,2,0,0,0,0
357,TGG,0,0,0,0,0,0,0,0,0,0,6,0,0,0,0,0,0,0,0,2,0,0,0,0,0,0,18,0,0,0,3,0,0,0,0,1,2,0,0,0,0,0,0,0,0,0,0,0,0,0,53,0,0,0,0,0,26,0,404619,2,0,0,16,0
358,ACT,3,5,0,15,16,196,9,401078,0,38,0,15,5,20,0,44,6,41,0,9,1,43,1,22,1,0,0,0,58,9,9,26,10,15,0,5,9,2,0,38,0,0,0,0,5,10,0,8,0,7,0,11,7,14,0,2,0,1,0,2,18,0,1,3
359,GGA,0,0,1,0,0,0,0,0,23,0,0,1,0,0,0,0,1,0,2,0,0,0,0,0,2,3,0,0,0,0,0,0,39,0,3,0,2,5,1,2,404301,25,44,36,12,0,0,0,0,2,0,1,0,0,0,0,4,1,1,0,0,0,0,0
360,ATG,1,0,8,0,1,0,13,0,0,0,1,0,20,0,404108,5,0,5,0,0,0,0,0,0,1,0,0,0,35,48,47,54,0,1,0,0,0,0,0,0,0,0,0,0,0,0,20,0,1,0,3,0,0,0,0,0,4,4,0,0,21,2,26,0
361,ATA,197,0,89,0,11,6,2,1,2,0,5,1,403700,22,122,37,10,5,3,3,1,1,0,0,7,19,3,3,27,1,7,11,2,4,3,0,11,4,1,0,0,0,0,1,35,57,2,26,0,3,0,1,2,0,0,2,0,0,11,5,20,10,1,4
362,GAT,0,0,1,27,2,0,0,0,0,0,0,0,0,0,0,0,0,0,0,0,0,0,0,0,0,0,0,0,0,0,0,0,1,16,0,404687,0,0,0,3,0,0,0,20,0,2,0,2,1,0,0,10,0,0,0,3,1,0,0,0,0,0,0,0
363,GGA,0,0,0,0,0,0,0,0,23,1,0,0,0,0,0,1,0,0,0,0,0,0,0,0,1,0,0,0,0,0,0,0,23,0,0,0,0,0,0,0,404598,26,55,12,6,0,0,0,0,0,0,0,0,2,0,0,10,0,0,0,0,0,0,0
364,TGG,0,0,0,2,0,0,0,1,0,0,6,0,0,0,0,0,0,0,0,0,0,0,0,0,0,0,2,0,0,0,0,0,0,0,0,0,0,0,0,0,0,0,0,0,0,0,0,0,0,7,48,0,0,0,0,0,38,1,404123,5,0,3,5,1
365,TAT,0,0,0,4,0,0,0,0,0,0,0,0,1,0,0,0,0,0,0,39,0,0,0,0,0,0,2,0,1,0,0,0,0,0,0,1,0,0,1,0,0,1,0,0,0,0,0,0,5,9,1,404541,0,0,0,2,0,0,0,16,0,0,0,1
366,GGT,1,0,0,0,0,0,0,0,0,0,0,21,0,0,0,0,0,0,0,0,0,0,0,0,0,0,0,0,0,0,0,0,0,0,0,25,0,0,0,0,6,55,13,404796,0,0,0,1,0,0,0,0,0,0,1,0,0,0,1,3,0,0,0,0
367,TAT,2,0,0,2,0,0,0,0,0,0,0,0,0,0,0,0,0,0,0,21,0,0,0,0,0,0,0,0,1,0,0,0,0,0,0,1,0,0,0,0,0,0,0,0,0,0,0,0,3,24,0,404376,0,0,0,3,0,0,0,20,0,0,0,6
368,CAT,0,0,3,4,0,1,1,0,1,0,3,0,0,0,3,0,9,48,4,404206,0,0,0,0,31,2,9,16,9,1,1,3,0,0,0,4,2,27,6,1,0,0,0,0,0,0,0,0,0,6,0,41,0,0,0,0,1,1,1,5,14,0,17,7
369,CAT,1,0,0,15,0,0,1,19,0,4,0,0,6,5,14,14,7,32,14,404557,1,0,0,2,0,0,0,9,2,0,0,2,0,0,0,2,0,0,0,0,0,0,0,0,2,14,5,0,0,0,0,17,1,0,9,2,0,5,0,12,1,4,0,23
370,CAG,2,10,15,15,21,4,7,7,0,3,4,13,74,4,8,5,51,1,403966,23,0,0,12,0,8,2,53,2,1,2,10,13,1,0,11,4,1,0,3,10,0,1,1,0,40,34,9,10,0,0,32,6,15,12,2,1,0,0,19,4,9,0,8,8
371,AAT,5,18,0,404893,0,0,0,2,0,0,0,14,1,0,0,5,0,2,0,4,0,0,0,0,0,0,0,0,0,0,0,0,0,0,7,25,0,0,0,0,0,0,0,0,0,0,0,0,0,0,3,3,0,0,0,0,0,0,0,0,0,0,0,0
372,GAA,23,0,0,0,0,0,5,0,0,0,0,0,1,0,4,0,4,0,0,1,0,0,0,0,2,0,0,3,2,2,0,1,404670,10,28,5,5,39,7,20,40,3,0,25,3,0,0,0,5,0,0,0,16,8,5,40,2,0,0,1,0,0,1,2
373,CAG,0,0,4,1,0,0,0,0,0,0,1,0,1,0,18,0,27,3,404495,15,0,0,14,0,0,0,79,0,6,2,9,0,3,6,9,0,0,1,8,13,1,0,2,0,0,1,2,0,1,0,65,0,0,0,0,0,0,1,3,0,3,1,4,0
374,GGA,0,0,0,0,0,0,2,1,27,0,0,0,0,0,0,0,2,8,0,0,0,1,0,0,0,0,0,0,0,0,0,0,20,0,0,1,0,0,0,0,404803,12,46,52,7,0,0,0,0,0,0,0,0,2,0,0,8,0,0,0,0,0,1,0
375,TCA,0,5,0,3,19,2,0,7,5,14,1,5,1,1,16,1,6,0,4,22,12,0,0,0,2,0,0,0,0,0,0,1,16,6,4,2,13,3,11,2,2,1,1,2,2,2,2,3,11,4,1,13,404210,33,285,8,3,4,7,4,44,0,0,4
376,GGC,3,0,0,0,0,1,1,1,0,36,0,1,2,0,0,0,1,1,3,0,0,0,0,0,0,1,2,0,0,1,0,4,0,35,0,0,4,30,5,0,25,404652,30,30,0,10,0,0,0,4,0,4,5,4,6,0,0,28,2,0,4,0,0,1
377,TAT,0,0,0,3,0,0,0,0,0,0,0,0,0,1,0,0,0,0,0,32,0,0,2,0,0,0,0,0,1,0,1,0,0,0,0,2,0,0,0,0,0,0,0,0,0,0,0,0,2,16,3,404827,0,0,0,1,0,0,0,12,0,0,1,38
378,GCA,0,1,0,0,67,0,0,0,0,7,0,25,3,2,2,0,0,0,0,0,1,0,0,0,0,0,0,0,2,2,4,2,9,0,0,0,404002,14,63,92,6,3,0,5,230,5,12,5,0,2,0,3,15,13,9,23,0,16,1,15,0,4,0,4
379,GCG,0,0,0,0,1,4,25,0,0,0,0,1,0,0,0,0,0,0,0,0,1,0,0,0,0,0,0,0,0,0,0,0,0,0,6,0,85,3,404600,49,0,0,7,0,0,0,106,0,0,0,0,0,0,0,8,1,0,0,0,0,0,1,0,0
380,GAT,0,0,0,38,0,0,0,0,0,0,0,0,0,0,0,0,0,0,0,0,0,0,0,0,0,0,0,0,0,0,0,0,3,71,1,404786,0,0,0,4,0,0,0,15,0,0,0,6,0,0,0,5,1,0,0,1,0,0,0,0,0,0,0,0
381,CAA,45,0,41,0,5,0,1,2,4,0,7,0,8,8,2,21,371468,8,36,39,1,0,0,0,38,0,23,9,9,18,4,2,0,0,12,0,18,21,1,15,2,0,0,2,26,11,8,20,18,2,0,12,3,0,3,5,0,1,4,3,7,5,10,3
382,AAA,371544,1,27,1,18,6,5,27,31,2,7,3,5,5,5,16,11,13,9,0,2,4,4,10,23,5,8,9,24,7,11,15,55,0,7,13,2,57,16,8,6,7,0,14,0,3,13,18,2,4,1,0,7,3,3,12,0,3,14,4,13,1,2,7
383,AGC,0,89,0,0,4,25,5,3,7,371372,0,121,1,11,0,0,2,0,0,0,0,1,0,0,1,6,0,1,0,1,0,0,1,0,0,0,5,6,2,4,0,150,1,0,0,0,0,0,1,0,0,0,3,6,5,14,0,7,0,4,0,0,0,0
384,ACA,5,1,0,2,371812,36,48,7,3,0,0,0,12,0,0,0,0,0,0,0,1,0,0,0,2,0,0,0,0,0,3,0,0,0,0,0,9,0,0,0,0,0,0,0,0,0,1,2,1,0,0,0,2,16,3,0,0,6,0,1,0,0,0,0
385,CAA,7,0,0,3,0,0,5,7,0,3,0,5,0,1,2,1,371889,5,18,3,2,0,0,0,21,0,0,1,0,4,0,2,6,0,0,4,2,3,3,28,0,0,0,0,5,0,0,0,24,0,0,0,3,0,1,1,0,0,0,0,0,0,1,0
386,AAT,48,5,4,371306,0,4,13,13,7,4,60,16,10,2,1,17,39,5,58,10,0,0,0,0,33,3,11,17,7,0,7,0,2,2,1,8,5,6,2,2,1,0,0,0,0,1,18,0,0,0,0,2,1,0,18,28,0,1,0,0,16,23,11,6
387,GCC,0,0,0,0,0,29,0,0,0,0,0,0,1,0,0,0,0,0,0,0,0,0,0,0,0,0,0,0,0,0,0,0,0,9,0,0,15,371253,128,13,0,2,1,0,0,70,0,0,0,0,0,0,0,10,0,0,0,0,0,0,0,1,0,0
388,ATT,0,0,0,7,0,0,0,11,0,0,0,4,2,24,3,371920,0,0,1,0,0,0,2,0,0,0,0,0,5,4,1,15,0,0,0,0,1,0,0,0,0,0,0,0,5,7,4,16,0,6,0,7,0,0,0,0,3,0,0,0,1,3,3,3
389,AAC,19,371324,3,88,7,7,15,0,3,14,0,10,10,3,0,3,7,14,3,6,0,0,0,0,7,21,4,22,8,0,2,2,3,24,0,5,5,6,0,1,2,0,0,1,10,2,6,2,0,4,0,0,7,7,0,23,0,0,3,0,0,1,0,1
390,GGG,14,0,28,0,17,20,17,7,201,73,68,18,17,11,15,11,3,8,21,43,0,0,0,0,1,32,114,76,26,6,82,73,0,0,13,1,18,0,14,3,73,20,370062,14,9,57,9,70,0,0,0,0,38,35,265,23,1,24,17,26,36,6,54,30
391,ATT,0,0,0,1,1,0,0,7,0,0,0,3,88,38,1,371590,0,0,0,0,0,0,0,0,0,0,0,0,1,22,5,3,0,0,0,0,0,0,0,2,0,0,0,0,2,3,14,32,0,0,1,0,0,0,0,0,2,0,0,0,2,0,3,0
392,ACA,10,1,0,4,371294,51,45,7,5,6,7,0,29,1,1,0,0,3,2,9,1,0,0,0,1,3,2,11,3,3,0,0,18,2,4,0,50,17,0,3,1,0,0,3,0,1,0,2,0,3,0,6,12,7,6,16,0,0,0,2,0,1,7,0
393,AAC,10,371798,2,29,3,27,0,32,0,18,2,0,3,0,1,0,23,21,1,1,0,0,0,0,1,0,2,4,0,1,0,3,0,15,0,0,0,0,0,0,0,0,8,0,1,0,4,0,0,1,0,0,0,6,0,1,12,4,0,7,0,0,0,0
394,AAG,43,0,371846,23,1,0,2,0,0,0,25,0,0,0,3,2,0,0,5,3,0,0,0,4,0,1,0,16,0,0,0,0,0,0,28,0,0,0,0,0,0,0,0,0,0,0,0,0,0,0,1,0,0,1,0,0,0,0,0,0,0,2,0,0
395,GTG,0,0,0,0,0,0,0,0,0,0,0,0,20,1,24,22,0,0,0,0,0,0,0,0,0,0,0,0,5,1,1,1,0,0,0,0,0,0,4,0,0,0,1,0,59,32,371536,113,1,0,0,1,0,0,0,2,0,3,0,0,2,0,4,1
396,AAC,7,371914,1,24,0,13,1,0,0,8,0,6,1,0,2,0,0,0,0,0,0,0,0,0,0,2,0,0,0,0,0,3,0,10,2,0,0,1,2,0,0,0,0,0,0,0,0,0,0,2,0,0,1,6,3,0,0,0,0,0,0,1,1,0
397,TCT,0,21,0,14,3,4,0,2,2,1,0,0,2,0,1,2,0,3,3,0,0,0,0,12,0,0,0,5,0,0,0,0,0,0,0,0,0,9,1,10,4,0,0,2,1,0,0,2,0,1,0,7,7,64,23,371718,0,0,0,5,3,0,0,5
398,GTT,0,0,0,0,0,0,0,0,0,0,0,0,0,2,0,60,0,0,1,0,0,0,0,0,0,1,0,0,0,1,2,1,0,0,0,4,0,0,1,16,0,0,0,1,11,35,14,371340,0,0,0,0,0,0,0,0,0,0,2,7,0,2,2,11
399,ATC,0,0,0,0,0,12,0,0,0,1,0,0,32,371674,0,93,0,0,0,0,0,0,0,0,0,0,0,0,15,5,14,1,0,0,2,0,0,0,7,0,1,0,0,0,2,41,5,3,0,0,0,1,0,0,0,0,0,0,0,0,0,2,1,0
400,GAG,0,3,58,0,13,2,2,6,0,7,4,3,0,0,4,0,1,4,7,6,0,0,0,0,3,2,3,3,0,0,1,0,34,13,371441,12,3,14,16,4,3,0,38,3,0,1,1,2,0,0,3,0,0,2,6,0,0,1,1,0,1,0,2,1
401,AAA,371669,2,65,4,10,2,26,0,17,0,26,1,2,1,8,11,0,1,1,0,0,0,0,0,1,5,5,8,4,0,0,0,20,0,1,0,4,4,14,6,0,0,2,0,1,4,12,4,0,0,0,0,1,2,0,5,0,0,0,0,4,0,0,0
402,ATG,0,0,2,0,0,0,10,0,0,0,0,0,31,20,371746,8,1,1,0,0,0,0,0,0,0,0,0,0,5,8,17,4,0,0,0,0,1,0,2,0,0,0,0,0,1,3,14,0,0,3,0,3,0,0,0,0,0,1,2,1,1,3,2,4
403,AAC,18,370669,22,54,1,16,13,0,3,18,0,1,0,9,0,1,5,4,4,6,0,0,0,0,0,4,4,0,0,0,0,0,1,40,1,0,0,0,0,10,1,2,1,21,0,2,1,0,0,2,0,0,2,0,0,1,0,1,1,0,0,0,0,1
404,ACT,2,19,0,13,19,98,3,370960,26,13,4,39,1,7,5,13,9,0,5,3,0,4,11,1,21,2,1,14,3,15,11,31,0,0,7,4,19,9,0,10,7,5,0,41,19,4,22,36,0,1,2,0,2,4,74,12,0,11,6,7,9,2,3,2
405,CAA,24,0,10,0,0,2,0,0,0,2,6,0,2,0,0,0,371518,39,41,9,4,0,0,1,60,2,3,6,1,0,0,0,6,1,4,0,10,5,2,30,1,2,29,20,15,4,0,0,11,0,0,0,0,0,2,0,0,2,0,6,0,1,0,0
406,TTC,0,2,0,1,0,0,0,0,0,0,0,0,1,12,7,3,2,0,3,1,0,0,0,0,0,0,0,1,24,24,1,9,0,0,0,0,2,1,0,1,0,9,3,8,1,4,2,0,0,28,0,6,0,23,1,1,0,2,9,1,24,370360,7,40
407,ACA,20,2,0,11,371293,20,108,13,12,7,29,5,50,0,0,0,4,2,2,6,0,0,0,1,7,5,1,32,0,0,2,1,0,0,0,0,24,9,11,0,1,0,0,0,0,6,3,0,0,1,1,0,1,7,1,6,0,0,0,3,0,0,0,0
408,GCT,11,1,3,0,1,1,1,32,2,12,0,8,3,0,0,0,0,1,3,1,0,0,0,1,3,15,24,4,0,14,1,7,3,5,2,13,13,63,36,370261,1,9,13,14,2,1,22,31,0,3,0,31,31,0,6,17,0,0,3,2,0,3,1,10
409,GTG,1,0,12,0,8,4,5,1,6,4,1,1,9,2,48,5,5,1,0,1,1,0,0,0,0,7,2,5,0,5,40,4,0,0,5,2,0,0,17,0,2,0,6,2,39,36,370061,87,0,0,0,0,0,3,3,2,0,3,0,3,0,7,41,0
410,GGT,4,4,3,0,0,3,5,0,2,0,4,43,0,0,0,1,0,0,20,1,13,4,0,0,0,1,13,5,4,0,4,0,3,4,2,123,2,4,10,0,13,73,49,370705,4,0,9,14,0,1,0,0,7,4,3,1,0,5,6,15,4,0,0,2
411,AAA,371750,11,55,4,0,4,5,0,17,2,0,3,0,0,1,1,1,2,7,0,9,3,1,0,0,0,0,0,0,0,0,0,19,0,0,1,0,14,13,0,8,1,14,2,21,8,5,0,1,0,0,0,3,9,2,0,0,0,2,0,0,1,0,3
412,GAA,17,0,0,0,3,13,5,0,3,9,5,7,0,16,6,0,0,0,2,0,0,0,0,0,8,2,2,0,12,0,4,8,371065,8,36,4,41,7,25,1,11,0,7,0,4,3,8,8,14,6,0,2,2,7,1,0,0,1,5,13,5,5,2,27
413,TTC,0,0,0,0,0,0,0,0,0,0,0,0,0,6,0,0,0,0,0,0,0,0,0,0,0,0,0,0,0,6,0,0,0,0,0,0,0,0,0,0,0,0,0,0,0,4,0,0,0,0,0,1,0,7,0,0,4,2,9,0,7,370914,0,28
414,AAC,29,371618,3,18,0,18,5,3,1,73,0,4,0,2,0,0,0,5,0,0,0,0,0,0,0,0,1,0,0,0,0,0,1,29,0,0,0,7,7,6,27,21,23,35,0,0,0,0,1,1,0,0,10,5,3,0,0,0,0,1,0,0,0,0
415,AAC,8,371287,2,35,9,11,0,43,10,16,12,9,27,60,2,0,1,5,6,0,0,4,0,3,47,4,9,0,5,5,3,1,7,8,2,0,8,0,14,17,3,4,15,13,17,7,33,1,6,32,0,22,6,4,18,3,0,8,11,16,5,45,8,3
416,TTA,1,2,1,2,0,0,0,0,4,0,1,0,4,0,4,0,0,0,0,0,0,0,0,0,0,2,1,0,9,15,1,1,0,0,0,0,0,0,0,0,0,0,0,0,3,0,0,1,0,0,0,2,11,0,0,0,0,0,0,0,370967,11,67,19
417,GAA,14,0,0,0,0,0,0,0,0,0,0,0,0,0,0,0,0,0,0,0,0,0,0,0,0,0,0,0,0,0,0,0,371753,2,28,0,1,0,0,0,18,0,0,0,1,0,0,0,2,0,0,0,0,0,0,0,0,0,0,0,0,0,0,0
418,AAA,372102,0,38,1,4,0,0,0,22,0,0,0,0,0,0,0,2,1,0,0,0,0,0,0,2,0,1,0,3,0,3,1,8,0,0,0,0,0,0,1,0,0,0,0,0,1,0,0,1,0,0,0,0,2,0,0,0,0,0,0,0,2,2,0
419,AGG,0,0,53,0,0,0,0,0,30,0,367232,4,1,0,31,0,0,0,0,0,0,0,0,0,0,0,165,1,0,0,0,0,0,0,0,0,0,0,0,0,0,0,307,0,0,0,0,0,0,0,0,0,0,0,0,0,0,0,1,0,0,0,0,0
420,ATG,0,0,0,0,0,0,2,0,0,0,1,0,75,1,368625,10,0,0,1,0,2,0,0,0,0,0,0,0,0,0,8,0,0,0,0,0,0,0,0,0,0,0,0,0,0,0,22,0,0,0,1,0,0,0,0,0,0,0,0,0,0,0,1,0
421,GAA,17,0,0,4,0,0,0,0,0,4,1,0,0,0,0,0,0,0,4,0,0,0,0,0,0,0,0,0,0,0,0,2,369857,5,7,0,0,0,0,3,36,0,0,0,1,0,0,0,6,0,2,0,1,0,39,0,0,0,0,0,0,2,2,0
422,AAT,2,10,1,369800,0,0,0,2,0,0,0,12,0,0,0,3,0,0,0,4,0,0,0,1,0,0,0,0,0,0,0,0,0,2,0,13,0,0,10,0,0,4,0,0,0,0,0,0,0,1,0,0,0,0,0,5,0,0,0,0,0,0,0,0
423,TTA,1,0,0,0,1,0,0,0,0,0,0,0,2,1,3,1,0,0,0,0,0,0,0,0,0,0,0,0,9,0,0,0,0,0,0,0,0,0,0,0,0,0,0,0,2,0,0,0,4,0,0,0,15,0,0,0,0,0,0,0,363664,0,48,0
424,AAT,2,11,1,370820,0,0,0,3,0,0,0,13,0,0,0,2,0,6,12,5,0,0,0,0,0,0,0,0,0,1,0,0,0,0,0,14,7,0,2,0,0,0,1,0,0,0,0,0,0,0,0,4,0,0,0,0,0,0,3,1,0,0,0,0
425,AAA,371680,9,90,7,5,1,2,0,8,0,13,0,2,0,0,1,13,0,0,2,0,0,0,0,4,1,3,16,0,2,0,0,11,0,0,0,0,0,1,5,0,0,0,0,0,1,0,0,2,0,2,0,3,0,0,0,0,0,0,0,0,0,0,1
426,AAA,371348,3,231,2,3,0,0,0,26,0,4,0,1,0,0,0,3,0,2,0,0,0,0,0,2,0,0,2,0,0,0,0,11,0,0,0,1,1,0,0,0,0,0,0,0,0,0,0,1,0,0,0,0,0,0,0,0,0,0,0,0,0,0,0
427,GTT,0,0,0,0,0,0,0,0,0,0,0,2,0,5,0,61,0,0,0,0,0,0,0,0,0,0,0,0,0,28,1,4,0,0,0,0,0,0,0,7,0,0,0,3,13,36,0,337117,0,0,0,0,0,0,1,0,0,2,0,0,0,1,2,2
428,GAT,0,1,0,15,0,0,4,6,0,2,1,0,0,0,2,0,0,0,2,5,0,0,0,0,0,0,0,0,0,0,0,1,1,13,1,367216,0,0,0,4,0,0,0,27,0,0,0,5,0,0,0,4,0,0,0,3,1,0,1,0,0,1,0,0
429,GAT,1,0,0,19,0,1,0,0,0,0,0,0,1,0,2,1,9,0,2,0,0,0,0,0,0,0,0,0,0,0,0,0,4,15,3,367169,0,0,0,0,0,0,1,27,2,0,0,3,0,0,0,5,0,0,1,0,1,0,0,0,0,0,0,0
430,GGG,0,0,0,0,0,0,0,1,0,0,24,0,1,1,0,1,2,0,3,0,0,0,0,0,0,0,0,0,1,1,0,0,1,0,34,0,0,0,0,0,70,7,370435,32,0,0,3,0,0,0,1,0,0,0,0,0,0,0,19,0,0,0,0,0
431,TTT,0,0,0,0,0,0,0,0,0,0,0,0,1,0,1,2,0,0,0,0,0,0,0,0,0,0,0,0,0,0,5,15,0,0,0,0,3,0,0,0,0,0,0,0,0,0,0,9,0,0,0,2,0,0,0,8,0,0,0,0,4,22,1,371696
432,CTG,4,0,0,3,1,5,5,0,0,0,3,0,0,0,7,0,14,5,15,4,0,0,73,0,0,0,9,0,49,3,371197,9,0,0,9,0,0,0,0,0,0,0,0,8,9,3,7,10,0,1,0,0,0,0,0,3,1,0,19,1,0,0,8,2
433,GAC,0,29,0,0,0,0,5,3,0,10,0,1,3,0,0,0,3,7,4,0,0,0,0,0,0,0,0,0,0,0,1,0,17,371532,33,38,3,8,0,2,2,51,4,4,0,4,0,0,0,4,0,0,0,3,5,1,0,0,0,0,0,0,0,1
434,ATT,0,0,0,1,0,0,0,6,0,0,0,3,6,33,3,371919,0,0,0,0,0,0,0,0,0,1,0,1,5,4,2,7,0,0,0,0,1,0,0,0,0,0,0,0,1,7,3,27,0,0,0,0,0,0,0,0,0,0,0,0,2,0,5,3
435,TGG,0,0,2,0,0,0,0,0,0,0,6,0,0,0,0,2,0,4,0,1,0,0,0,0,1,0,42,0,0,0,0,1,0,0,0,0,0,0,0,0,0,0,4,0,0,0,0,1,0,1,18,0,0,0,0,0,15,0,371137,6,0,0,10,0
436,ACA,7,0,0,0,371764,25,27,7,3,0,1,2,17,0,0,0,1,0,1,0,1,1,0,0,1,0,0,1,0,0,0,0,0,0,0,0,54,1,0,0,0,0,0,0,0,0,0,0,0,0,0,0,0,0,0,0,0,0,0,0,0,0,0,0
437,TAT,0,0,0,5,0,0,0,0,0,0,0,0,0,0,1,0,0,0,0,24,0,0,0,0,0,0,0,0,1,1,0,0,0,0,0,3,0,1,0,0,0,1,0,0,0,0,0,0,5,35,1,372011,0,0,0,4,0,0,4,33,0,0,1,0
438,AAT,3,41,2,369207,0,0,0,2,0,0,0,14,0,0,0,2,28,0,13,11,0,0,0,0,0,0,0,0,1,0,1,2,5,0,0,33,0,0,0,0,0,0,0,0,0,0,0,0,0,0,0,5,0,12,0,4,0,0,0,0,4,0,3,2
439,GCA,0,0,0,0,50,1,0,0,0,1,0,0,3,0,0,9,0,0,0,0,0,1,0,0,0,0,0,0,0,7,0,2,2,0,0,0,365604,6,52,14,0,0,0,0,39,3,3,2,1,0,1,0,8,0,0,2,0,0,0,0,1,0,0,0
440,GAA,30,0,0,0,0,0,0,0,0,0,0,0,0,0,0,0,0,0,0,3,0,0,0,0,0,0,0,0,0,0,0,0,370696,2,16,0,2,0,0,0,1,0,0,0,0,0,0,0,4,0,0,0,0,0,0,0,0,0,0,0,0,0,0,0
441,TTG,0,1,0,0,5,1,1,0,0,0,0,1,6,1,7,1,0,0,0,0,0,0,0,0,0,4,0,0,0,0,9,0,0,0,0,0,0,0,0,0,0,0,0,0,8,0,0,0,0,7,7,0,2,0,6,0,0,0,4,0,52,2,370471,23
442,TTA,0,0,0,0,1,1,0,0,0,0,0,0,2,33,13,0,0,0,0,0,0,0,0,0,0,0,1,0,15,0,0,7,0,0,0,0,0,0,0,0,0,0,0,0,4,0,1,7,1,2,0,0,10,0,0,0,0,0,0,0,371148,1,72,4
443,GTT,0,0,0,0,0,1,0,0,0,0,0,0,0,0,1,35,0,0,0,0,0,0,0,0,0,0,0,0,0,0,0,0,0,0,0,4,0,0,0,8,0,0,0,2,1,14,16,367652,0,0,0,0,0,0,0,0,0,0,0,0,0,0,0,5
444,CTA,0,1,0,0,1,0,0,0,0,0,0,0,4,0,0,0,13,0,1,0,21,0,0,0,1,0,0,0,369089,3,32,1,1,0,2,0,0,0,0,0,0,0,1,1,0,0,0,0,0,0,0,0,0,0,0,0,0,0,0,0,13,0,4,0
445,CTG,0,0,0,0,0,0,0,0,2,0,1,0,1,0,9,0,0,0,5,0,0,0,60,0,0,0,3,0,28,1,369506,12,0,0,0,0,2,0,0,0,0,0,0,0,1,2,1,0,0,0,0,0,0,0,0,0,0,0,0,0,1,0,36,0
446,GAA,16,0,0,0,0,0,0,0,0,0,0,0,0,0,0,0,0,0,2,0,0,0,0,3,0,2,0,1,0,0,0,0,371674,3,30,0,0,0,0,1,26,1,0,1,2,0,0,0,2,0,0,0,0,0,0,0,0,0,0,0,0,0,0,0
447,AAT,5,20,0,371617,0,0,0,3,0,0,0,11,0,0,0,1,0,0,0,3,0,0,0,0,0,0,0,0,0,0,0,0,0,0,0,9,0,0,0,0,0,0,0,0,0,0,0,0,0,0,0,2,0,0,0,0,0,0,0,0,0,0,0,0
448,GAA,30,0,0,0,0,0,0,0,0,0,0,1,0,0,0,0,1,0,0,0,0,0,0,0,0,0,0,0,0,0,0,0,371142,4,29,4,1,0,0,0,49,0,2,2,1,0,0,0,4,0,0,2,0,2,0,1,0,0,0,0,1,0,1,0
449,AGG,1,0,59,0,0,0,0,0,18,0,371097,16,0,0,21,0,0,0,0,0,0,0,0,0,2,1,21,6,0,0,0,0,0,0,0,0,0,0,0,0,0,0,78,0,0,0,0,0,0,0,0,0,0,0,0,0,0,0,14,0,0,0,0,0
450,ACT,0,0,0,2,4,62,4,370948,0,0,0,1,1,2,0,9,0,0,0,0,0,0,0,1,0,0,0,0,0,0,0,0,0,0,0,0,0,0,0,15,0,0,0,0,0,0,0,0,0,0,0,0,0,0,0,1,0,0,0,0,0,0,0,0
451,TTG,0,0,0,0,0,0,0,0,0,0,0,0,0,0,2,0,0,0,0,0,0,0,0,0,0,0,0,0,5,1,37,14,0,0,0,0,0,0,0,0,0,0,0,0,0,0,1,0,0,0,3,2,0,0,35,0,0,0,4,0,11,0,371179,12
452,GAT,0,0,0,31,0,0,4,1,0,0,0,0,0,0,0,0,0,0,0,0,1,0,0,0,1,0,0,0,0,0,0,0,2,21,6,370902,3,0,2,6,7,0,0,34,0,3,0,1,0,0,0,3,0,0,7,2,0,0,1,0,0,0,0,0
453,TTC,0,0,0,0,0,0,0,0,0,0,0,0,0,3,0,0,0,0,2,0,0,0,0,0,0,0,0,0,0,7,3,10,0,0,0,0,0,0,0,0,0,0,0,1,0,4,0,0,0,7,0,0,0,33,0,0,0,0,1,0,9,369825,0,18
454,CAT,0,0,0,21,0,0,0,0,0,0,0,0,0,0,0,0,3,17,2,371357,1,0,0,2,0,0,0,49,2,0,0,2,0,0,0,0,0,0,0,0,0,0,0,1,0,0,0,0,0,0,0,19,0,0,0,0,0,0,0,0,0,0,0,0
455,GAC,0,26,0,3,0,1,0,0,0,1,0,0,0,1,0,0,0,7,1,0,0,0,0,0,0,0,0,0,1,0,0,0,14,370361,5,35,0,1,2,2,0,14,6,0,0,3,2,0,0,9,0,0,2,0,4,0,0,0,1,0,0,0,0,1
456,TTA,16,5,1,0,9,4,15,6,4,0,3,1,2,6,1,1,0,0,1,8,6,0,0,0,1,0,36,32,31,4,2,0,4,1,1,0,3,1,1,2,12,5,6,14,20,8,2,15,2,0,0,1,51,0,0,0,1,0,0,0,370275,2,79,11
457,AAT,4,13,1,371709,0,5,2,6,0,1,0,8,0,2,1,2,15,0,1,2,0,0,0,0,0,0,1,0,0,0,0,0,0,0,0,13,0,1,0,0,0,1,0,0,0,0,0,0,0,0,0,0,2,1,0,0,0,0,0,0,0,0,0,0
458,GTG,0,0,0,0,0,1,0,0,0,0,2,0,0,0,29,2,0,0,0,0,0,0,0,0,0,0,0,0,5,3,0,8,0,0,3,0,0,0,10,0,0,0,0,0,42,8,371204,24,0,0,0,0,0,0,0,1,0,0,0,0,0,0,3,0
459,AAG,29,0,371659,14,0,0,6,0,5,0,32,0,0,0,3,0,2,0,4,0,0,0,0,0,1,1,0,18,0,2,0,0,0,0,40,0,1,0,5,2,0,0,2,0,0,0,0,0,0,0,4,3,0,0,0,0,0,0,0,0,1,0,0,0
460,AAT,21,34,1,370960,5,5,0,10,1,1,1,35,0,0,0,0,0,6,0,0,0,0,0,0,0,4,0,0,0,0,1,0,0,0,9,18,10,3,0,2,3,6,1,1,0,0,0,0,2,0,0,0,0,1,2,5,0,0,0,0,0,0,1,0
461,CTG,0,0,0,0,0,0,0,0,0,0,0,0,0,0,10,0,0,0,1,0,0,0,16,0,0,0,0,0,16,1,371121,7,0,0,0,0,0,0,0,0,0,0,0,0,0,0,0,0,0,0,0,0,0,0,0,0,0,0,0,0,0,0,17,0
462,TAC,0,4,0,0,0,0,0,0,0,0,0,0,0,0,0,3,0,14,0,0,0,0,0,0,0,0,0,0,0,0,1,1,0,0,0,0,1,0,0,0,0,0,1,0,0,0,0,0,7,371544,4,69,0,4,0,0,0,34,0,0,3,3,0,0
463,GAG,0,0,16,7,0,2,7,1,1,0,1,1,0,0,2,0,0,3,2,0,0,0,0,0,0,1,0,2,0,0,0,1,36,16,371775,23,0,0,10,3,9,1,33,2,0,0,0,1,0,3,16,2,1,0,3,8,0,0,2,1,3,1,5,8
464,AAA,371496,4,53,1,4,0,0,0,16,0,0,1,4,0,2,1,3,1,0,0,0,0,0,0,0,1,4,0,0,0,0,0,21,1,10,0,0,1,0,3,0,1,1,0,0,0,0,1,4,0,0,0,0,0,0,1,0,0,0,0,0,0,0,3
465,GTA,0,0,1,0,1,1,0,2,0,0,0,0,40,1,0,0,0,0,0,0,0,0,0,0,0,0,0,0,0,0,0,1,2,0,0,0,18,0,0,0,0,0,0,0,371651,11,23,18,0,0,0,0,0,0,0,0,0,5,0,3,3,0,0,0
466,AAA,371846,1,53,4,1,3,0,0,22,2,0,0,1,0,0,0,2,0,1,0,0,0,0,0,0,0,0,18,0,1,0,0,9,0,0,0,0,0,0,0,6,5,0,2,0,0,0,0,0,1,0,0,0,0,0,0,1,2,1,0,3,0,4,1
467,AGC,0,66,7,4,28,12,1,10,12,371292,18,85,0,16,0,0,6,1,1,0,0,0,0,0,2,9,0,3,0,0,0,0,0,0,0,0,5,0,11,0,0,60,27,0,1,21,1,19,0,0,0,2,0,1,0,11,0,7,0,0,3,0,3,0
468,CAA,17,0,2,0,14,8,4,1,14,4,4,3,21,8,57,3,371609,2,24,1,0,0,0,0,21,0,14,7,18,7,0,3,3,2,0,2,1,4,6,8,0,1,1,0,3,4,25,7,5,0,1,0,16,1,0,10,0,8,0,0,4,1,0,6
469,TTA,0,0,0,0,4,0,0,1,0,0,0,0,1,6,0,8,0,0,0,0,0,0,0,0,0,0,0,0,15,2,0,6,0,0,0,0,0,0,0,0,0,0,0,0,3,5,0,0,2,0,0,0,6,0,0,0,1,0,0,0,371865,0,23,1
470,AAG,25,0,371679,61,2,0,8,0,0,0,42,0,1,1,2,0,0,0,3,3,0,0,0,0,0,0,1,0,3,1,7,0,5,0,35,0,0,0,2,0,8,0,0,0,0,0,7,0,0,0,2,2,3,14,0,0,0,0,0,1,6,0,0,0
471,AAT,2,15,2,371735,0,15,3,22,1,8,7,15,0,0,3,0,1,0,10,0,0,0,0,0,0,1,0,0,0,0,0,1,0,5,4,22,12,2,1,0,2,0,2,6,0,3,0,1,0,0,0,4,8,3,2,0,0,0,9,0,0,3,0,0
472,AAT,2,6,0,371653,0,0,0,10,0,0,0,36,0,0,0,2,0,4,1,1,0,0,0,0,0,0,0,0,0,0,0,0,0,0,0,56,0,0,0,0,0,1,1,0,1,0,0,0,0,0,0,2,0,0,0,0,0,0,0,0,0,0,0,0
473,GCC,0,0,0,0,0,53,0,0,0,0,0,0,0,0,0,0,0,0,0,0,0,0,0,0,0,0,0,0,0,0,0,0,0,6,0,0,12,371657,12,49,5,7,0,6,4,11,22,3,0,0,1,0,0,9,0,0,0,0,0,0,0,0,0,0
474,AAA,370820,31,66,9,1,0,0,0,58,0,7,0,6,3,1,0,64,3,4,1,0,1,0,0,5,11,8,7,5,11,35,7,145,0,2,0,14,18,0,5,0,5,0,0,3,5,7,11,1,95,0,12,0,0,0,0,0,5,8,1,65,61,96,25
475,GAA,19,3,0,5,0,0,1,0,0,1,0,0,7,0,0,0,1,0,0,0,1,0,0,1,0,0,1,0,0,1,0,0,371887,4,13,2,0,4,4,0,20,0,0,0,14,2,4,0,4,0,1,0,1,1,0,1,0,0,0,0,0,0,2,0
476,ATC,2,14,39,2,0,11,0,17,1,6,1,2,23,336035,33,65,21,0,13,5,0,0,0,0,2,1,3,0,11,7,3,4,1,0,6,0,3,0,0,2,1,6,0,0,8,11,0,0,0,0,0,1,7,0,14,3,0,0,0,3,3,5,7,0
477,GGA,0,0,0,5,0,0,0,0,44,2,0,0,0,0,0,0,1,3,0,0,0,0,0,0,8,0,0,0,6,1,0,1,23,0,0,3,2,3,0,0,336042,16,29,3,2,0,0,0,0,0,0,9,3,5,0,3,7,0,2,0,0,5,1,7
478,AAT,8,7,2,336335,5,2,0,4,0,1,1,14,0,0,0,2,1,0,0,21,0,0,1,0,0,5,1,0,0,0,0,0,0,2,0,14,0,3,0,3,1,0,0,0,3,0,0,0,0,0,5,1,0,0,0,0,0,0,1,0,1,0,2,4
479,GGG,1,0,0,0,0,0,0,0,0,0,49,0,0,1,2,0,3,3,0,0,0,0,0,0,2,4,8,3,0,0,10,10,0,0,27,0,0,0,0,0,25,9,336066,31,0,0,4,0,0,1,0,0,0,0,0,0,0,0,6,2,5,1,2,0
480,TGT,0,0,0,0,0,0,0,0,0,0,0,3,0,0,0,0,0,0,0,0,0,0,0,0,0,0,0,3,0,0,0,1,0,0,0,0,0,0,1,0,0,1,0,2,0,0,1,0,0,4,0,46,2,0,0,0,1,10,12,336067,1,0,0,5
481,TTT,0,0,1,0,1,0,0,0,0,0,1,0,2,1,0,2,0,0,0,0,0,1,0,0,0,0,0,0,4,23,0,12,0,0,0,0,0,0,0,0,0,0,0,0,0,0,0,5,0,8,0,7,0,0,0,24,1,0,0,2,7,22,5,336335
482,GAG,10,0,25,0,2,0,1,5,0,5,1,4,0,9,0,10,2,0,2,0,0,0,0,1,2,0,1,7,9,1,0,5,42,1,336037,23,2,11,0,16,4,7,90,0,13,2,9,7,0,9,4,2,8,0,2,1,0,0,8,2,0,2,1,1
483,TTC,0,0,0,0,0,0,0,0,0,0,0,0,0,3,0,0,0,0,0,0,0,1,1,0,0,0,0,0,0,14,0,1,0,0,0,1,0,0,0,0,0,0,0,0,0,2,0,0,0,1,0,2,0,16,0,0,0,0,0,0,8,336294,2,55
484,TAC,2,4,0,0,0,0,0,0,4,0,0,0,0,0,1,0,0,54,0,1,0,2,0,0,0,5,6,0,2,3,26,0,0,1,2,0,4,0,0,0,1,0,0,0,0,0,0,2,6,336016,1,17,0,2,0,0,1,37,17,0,7,0,20,1
485,CAC,0,3,0,0,0,0,0,0,0,0,0,0,0,0,0,0,3,336316,2,6,0,6,0,0,0,6,0,0,0,1,0,0,0,1,0,0,0,0,0,0,1,0,0,0,0,0,1,0,0,9,0,0,0,0,0,0,0,1,0,0,0,0,2,0
486,AAG,29,0,336061,14,4,0,12,1,9,5,40,4,13,5,3,5,2,0,13,4,0,0,4,1,1,0,9,24,0,0,0,9,0,0,41,5,10,0,2,5,2,2,1,6,29,6,2,5,0,0,0,13,0,2,4,3,0,0,0,0,6,0,14,2
487,TGT,0,0,0,0,1,0,0,0,1,0,0,3,0,0,0,0,0,0,0,0,0,0,0,0,0,0,0,10,0,0,0,0,0,0,0,0,0,0,0,0,0,0,0,5,0,0,0,0,0,0,0,24,0,0,0,0,3,8,2,336285,0,0,0,7
488,GAC,0,29,0,0,2,0,0,0,0,4,0,0,0,0,0,1,0,0,0,0,3,0,0,0,0,0,0,0,0,1,0,0,3,336170,3,15,1,3,1,1,0,62,8,1,0,2,0,1,0,7,0,0,6,4,0,8,0,1,0,2,0,0,0,0
489,AAT,2,10,0,336066,0,0,0,3,0,0,0,16,0,0,0,1,0,0,0,3,0,0,0,0,0,0,0,0,0,1,0,0,0,9,0,17,0,0,1,0,0,0,0,0,0,0,0,0,0,0,1,3,0,1,0,1,0,0,0,0,0,0,1,0
490,GAA,22,4,2,1,14,0,0,0,0,1,0,1,0,1,28,1,0,1,1,0,3,7,0,2,4,0,5,0,4,0,1,0,335922,16,20,7,11,1,4,1,39,11,9,14,6,0,5,19,8,1,0,13,0,4,11,0,0,1,5,3,21,0,0,11
491,TGC,0,0,0,0,0,0,0,0,0,5,0,0,0,0,0,0,0,0,0,0,0,0,0,0,0,4,0,0,0,0,0,0,0,0,0,0,1,0,0,0,0,3,0,0,0,0,0,0,0,25,0,0,0,1,0,0,6,336167,6,64,0,7,0,0
492,ATG,0,0,0,0,0,0,14,0,0,0,0,0,47,5,336054,17,0,0,0,0,0,0,0,0,0,0,0,0,0,0,4,0,0,0,0,0,1,0,0,0,0,0,0,1,1,10,14,0,0,0,0,0,0,0,0,0,0,0,0,0,0,0,5,0
493,GAA,34,16,0,0,0,3,0,11,7,0,0,6,5,0,8,1,10,2,0,6,0,0,0,0,0,0,0,3,0,4,2,5,335640,32,26,13,3,2,0,4,66,9,0,58,8,0,2,1,3,5,0,8,3,16,2,5,0,0,5,0,1,0,1,8
494,AGT,3,2,0,31,0,2,8,5,1,10,5,335618,0,0,0,3,1,0,1,3,0,0,0,0,0,1,1,12,0,0,2,1,11,0,6,0,10,1,6,4,1,15,1,31,0,0,0,0,0,0,0,0,2,0,18,0,0,3,0,3,0,0,0,0
495,GTA,0,0,0,0,0,0,0,0,0,0,0,0,49,0,0,0,0,0,0,1,0,0,0,0,0,0,0,0,7,0,0,0,1,0,1,0,30,0,0,0,2,0,0,0,336073,4,62,32,0,0,0,0,0,0,0,0,0,2,0,0,3,0,0,0
496,AGA,60,0,3,0,0,0,0,0,336232,0,10,0,6,0,0,0,1,0,0,0,0,0,0,0,8,1,2,0,0,2,0,0,0,0,0,1,0,0,0,0,26,0,1,0,0,0,1,1,0,0,0,0,0,0,0,0,4,0,0,0,0,0,0,0
497,AAT,24,29,20,335486,12,3,16,65,10,9,0,35,43,2,22,3,5,19,2,4,0,0,0,0,3,14,1,13,9,57,26,14,38,0,4,40,12,7,1,4,1,3,35,10,15,14,60,20,1,1,0,0,16,107,11,56,0,1,5,3,16,9,9,6
498,GGG,0,0,0,3,0,0,1,0,5,6,19,5,0,0,0,0,1,1,2,3,0,0,0,0,0,0,4,0,0,0,0,0,6,0,29,0,1,0,11,3,82,11,336071,8,0,0,5,0,0,0,0,2,2,0,2,0,0,0,27,0,0,0,0,0
499,ACT,2,0,0,16,0,25,3,335815,0,0,0,3,0,0,62,32,36,7,0,4,0,0,0,0,19,0,7,0,5,0,3,7,0,0,1,5,3,9,0,37,1,4,3,9,89,0,0,5,0,0,0,0,1,2,22,11,0,4,0,0,6,18,6,29
500,TAT,0,0,0,2,0,0,0,0,0,0,0,0,0,0,0,0,0,0,0,47,0,0,1,0,0,0,0,0,0,0,0,0,0,0,0,2,0,0,0,0,0,1,0,0,0,0,0,0,4,14,0,336327,0,0,0,2,0,0,0,15,0,0,0,1
501,GAT,1,2,0,27,0,0,1,9,0,0,5,0,1,6,2,0,2,1,0,0,0,0,0,0,0,0,0,0,9,4,1,18,5,11,3,335984,4,1,0,2,0,0,0,24,2,0,5,2,0,0,0,18,9,0,2,6,0,4,1,1,2,0,1,0
502,TAT,0,0,2,5,0,0,0,3,1,1,4,2,0,0,0,0,0,1,0,25,1,1,2,2,0,0,0,0,0,4,3,0,1,0,4,0,1,6,4,1,0,0,0,32,0,0,6,0,1,22,0,336048,2,0,1,4,0,0,11,23,1,3,2,1
503,CCA,3,0,0,2,5,7,7,2,1,0,0,1,5,0,0,3,19,6,0,0,335951,32,47,7,1,0,3,2,20,0,3,1,2,3,0,0,18,0,0,1,2,1,17,0,0,4,6,1,1,0,0,1,13,2,1,1,0,0,1,0,0,1,1,1
504,AAA,335834,1,33,2,1,0,1,1,34,1,13,0,1,1,2,8,2,17,6,28,0,0,0,0,0,4,0,0,5,9,0,1,12,0,0,0,1,21,5,4,0,1,6,2,3,0,2,1,0,6,0,0,1,3,2,10,0,0,15,1,7,14,10,1
505,TAT,0,0,0,1,0,0,0,0,0,0,0,0,0,0,0,0,0,0,0,8,0,0,0,0,0,0,0,0,0,0,0,0,0,0,0,0,0,0,0,0,0,0,0,0,0,0,0,0,3,15,2,336285,0,0,0,3,1,0,1,14,0,1,0,10
506,TCA,0,0,8,0,13,2,1,6,2,9,1,0,0,0,0,2,0,1,0,0,10,1,0,0,0,8,0,5,3,0,3,0,8,0,15,0,2,0,20,0,2,0,5,0,2,14,2,0,2,0,0,3,335467,9,164,18,0,0,13,14,34,0,5,5
507,GAA,24,0,0,4,3,0,0,4,13,0,1,0,2,2,0,0,2,1,1,0,0,2,0,6,3,0,1,1,0,8,20,4,335903,42,29,4,2,1,19,0,32,0,15,6,28,0,27,0,5,0,0,8,0,5,5,5,0,2,22,0,8,0,17,3
508,GAA,28,0,0,0,6,0,1,2,0,11,0,2,3,11,0,9,1,1,8,2,1,6,7,0,3,0,0,0,1,1,3,2,335755,5,16,0,3,17,13,16,14,1,2,0,2,0,4,1,6,0,0,0,13,2,0,3,0,7,0,0,5,11,13,6
509,TCA,0,0,0,0,1,1,12,1,5,0,14,13,8,0,5,10,1,0,0,0,11,0,0,0,0,1,0,1,2,3,9,0,0,0,0,0,15,0,17,8,5,0,1,0,7,11,26,11,4,0,0,3,335587,6,72,24,1,0,0,86,31,0,3,1
510,AAG,34,15,335683,8,0,0,15,4,0,0,68,37,1,1,11,1,1,9,3,1,0,0,0,0,14,1,1,15,1,50,9,11,0,0,35,3,1,6,0,9,0,10,5,6,0,7,0,2,0,19,1,8,3,2,0,1,0,0,14,0,85,0,15,8
511,TTG,0,0,2,2,0,4,2,1,0,0,5,13,5,0,0,3,0,2,0,2,0,0,0,0,0,0,1,0,1,4,7,7,5,0,0,1,1,39,1,2,2,1,0,3,0,0,4,0,0,0,2,0,0,2,14,1,0,1,2,9,44,17,335230,14
512,AAC,70,335468,12,46,2,4,0,1,1,165,0,2,1,2,3,1,0,1,4,1,0,0,1,2,0,9,10,4,0,16,0,2,4,26,4,3,2,0,0,3,0,4,2,2,2,20,0,5,0,14,0,6,0,20,0,0,0,5,0,19,1,0,2,13
513,AGG,4,0,26,1,1,0,0,0,58,4,334766,4,1,8,41,42,1,0,6,0,0,2,0,0,0,7,39,1,19,0,8,4,3,0,0,8,14,0,1,1,0,0,61,0,5,1,0,4,0,7,0,5,1,34,0,2,0,0,5,11,8,8,0,3
514,GAA,29,1,0,3,0,0,3,8,0,0,0,0,0,1,3,4,0,0,1,3,1,0,3,1,4,6,2,1,3,4,1,2,334428,8,7,2,0,0,0,1,21,0,3,0,4,6,0,1,1,4,0,4,0,8,11,0,0,0,0,0,1,1,4,5
515,AAG,42,1,334910,10,8,1,9,0,0,0,142,53,0,0,4,16,0,1,4,12,1,1,20,14,0,0,1,1,0,3,0,1,1,0,43,6,3,1,5,0,0,21,1,3,16,6,11,8,0,4,1,4,0,1,0,0,0,0,2,1,1,4,0,44
516,ATA,0,0,0,0,6,0,0,0,1,0,0,0,335847,4,56,24,0,0,0,0,0,0,0,0,0,0,0,0,1,8,1,3,0,0,0,0,0,0,0,0,0,0,0,0,28,11,0,4,0,0,1,0,0,0,0,0,0,0,0,0,1,0,0,0
517,GAT,5,0,2,14,1,4,2,5,11,1,1,0,12,4,10,13,0,0,4,4,0,0,12,1,0,0,0,0,9,20,1,12,13,13,7,332404,24,1,3,3,0,10,7,30,1,30,3,5,0,0,0,11,0,7,3,5,0,0,5,0,1,0,12,24
518,GGA,9,5,8,0,17,3,44,19,47,8,1,12,37,9,41,3,0,14,5,6,11,8,2,1,0,14,3,60,2,8,1,12,33,0,4,4,12,27,4,5,332410,8,56,9,14,62,26,2,0,2,0,14,28,0,0,15,7,0,0,0,2,5,2,6
519,GTG,0,0,0,0,0,0,7,0,0,0,0,0,0,1,23,0,0,0,0,0,0,0,0,0,1,0,1,0,1,2,2,1,0,0,0,0,5,5,29,5,0,0,1,0,39,7,334210,48,0,0,0,0,0,0,0,0,0,0,0,0,3,3,22,6
520,AAA,335402,17,20,26,1,29,2,3,15,4,2,1,0,8,23,1,3,27,0,14,0,0,2,2,3,14,5,6,3,5,4,0,52,10,20,9,0,4,2,0,3,6,2,2,12,0,3,4,4,0,0,0,2,22,0,9,0,0,5,0,0,8,1,1
521,TTG,0,1,0,0,33,0,0,1,1,0,1,0,29,4,60,0,2,12,0,0,0,0,1,0,0,4,0,0,0,0,12,0,1,0,2,0,0,3,0,0,0,0,1,0,1,2,12,1,0,0,1,0,4,0,7,0,0,0,32,0,10,4,332091,4
522,GAA,14,1,0,12,1,4,0,0,5,0,0,0,0,0,3,0,3,1,0,1,0,0,0,0,0,0,0,0,10,0,0,0,331320,8,17,1,0,2,0,0,44,1,0,0,3,9,10,0,2,1,0,0,1,56,0,5,0,0,5,0,0,1,0,3
523,TCA,0,0,0,0,5,0,0,7,2,2,5,1,1,2,5,0,11,5,8,1,13,15,0,0,2,3,3,0,0,0,1,0,0,0,7,0,4,1,1,0,0,2,5,0,0,0,0,12,10,0,0,10,332595,2,28,4,5,2,1,0,11,6,0,0
524,ATG,0,7,10,18,1,0,47,10,10,4,2,3,35,7,335165,31,0,0,4,0,1,1,0,2,0,3,0,10,5,0,1,56,2,2,2,1,0,2,1,4,15,1,2,0,0,4,32,7,2,1,0,9,15,8,0,0,0,12,0,1,13,3,6,6
525,GGG,0,0,2,0,2,0,1,0,0,7,16,6,2,1,1,2,0,3,5,6,0,2,8,0,0,0,0,0,0,0,5,0,1,10,31,26,12,0,2,1,83,0,335762,40,14,0,14,0,0,0,0,5,0,3,13,0,0,1,9,2,0,2,0,0
526,GTG,0,0,10,4,0,1,1,2,0,5,0,3,0,0,35,3,1,0,6,1,3,5,6,1,0,0,2,0,15,14,1,2,0,1,7,0,5,0,19,9,8,1,4,3,163,8,335567,16,0,13,0,6,4,3,5,2,0,2,20,1,31,9,12,20
527,TAT,0,0,0,2,6,4,12,2,0,2,0,6,4,0,1,2,2,1,14,90,1,1,1,2,2,0,2,1,1,0,1,0,46,0,4,1,1,0,0,0,3,0,4,3,8,3,1,2,0,45,3,335900,0,0,0,1,0,0,13,29,0,9,4,10
528,CAG,17,1,10,3,0,7,0,0,0,0,0,1,0,0,0,1,12,9,335868,12,6,1,11,3,1,2,98,8,0,3,6,1,1,1,3,1,0,1,0,0,1,0,0,0,0,3,1,3,0,1,11,0,1,2,0,0,0,0,9,1,0,3,0,1
529,ATT,0,0,9,0,0,0,0,8,0,1,0,3,6,9,5,335900,6,0,0,2,0,0,0,3,0,1,0,0,4,0,16,3,0,0,3,1,0,0,0,0,0,0,2,1,3,0,0,33,0,0,0,5,1,0,0,0,0,2,21,0,0,3,0,2
530,CTG,0,0,0,0,0,0,0,0,0,2,0,4,0,0,14,1,0,1,1,0,0,0,33,0,0,0,4,0,7,3,334375,18,0,0,0,0,0,5,5,8,0,0,0,0,0,0,0,0,0,0,0,0,0,0,0,1,0,2,1,1,0,0,17,0
531,GCG,5,0,0,3,1,0,15,0,0,0,0,2,0,4,0,0,2,0,0,0,1,1,0,3,1,0,0,0,1,2,0,0,0,0,13,1,17,3,333830,11,2,3,10,2,0,0,66,0,0,0,0,0,0,2,8,3,0,0,0,0,0,0,2,0
532,ATC,0,0,0,0,0,11,0,0,0,2,0,0,12,333179,2,18,0,0,0,3,0,1,0,0,0,0,0,0,0,1,0,0,0,0,0,1,0,0,0,0,0,0,0,0,0,15,2,0,0,1,0,0,0,0,0,0,0,0,0,0,0,3,0,0
533,TAC,0,4,0,0,0,0,0,0,0,0,0,0,0,0,0,0,0,59,0,0,0,0,0,0,0,0,0,0,5,0,0,0,0,0,0,0,0,0,7,0,0,0,0,0,0,0,0,0,6,334103,4,38,0,1,0,1,0,4,0,0,0,1,0,0
534,TCA,0,0,0,0,1,0,0,0,0,0,0,8,0,0,0,0,0,0,0,0,28,0,0,0,0,0,0,0,2,0,0,0,0,0,0,1,0,0,0,0,0,0,0,0,0,0,0,0,17,0,0,0,333062,17,28,2,1,0,0,0,5,0,0,0
535,ACT,0,0,0,10,4,39,4,335294,0,0,0,5,0,0,0,25,0,0,0,0,0,0,0,1,0,0,0,0,0,0,0,0,0,0,0,0,0,0,0,23,0,1,0,3,0,0,0,0,2,0,0,0,0,0,0,0,0,0,0,1,0,0,0,2
536,GTC,0,0,0,0,0,0,1,0,0,0,0,1,1,109,0,3,0,0,0,0,0,0,0,0,0,0,0,0,2,6,0,2,0,1,0,0,0,25,0,0,1,2,6,0,9,334515,0,23,0,2,0,1,0,0,0,0,0,6,1,0,4,0,0,2
537,GCC,0,0,0,0,13,62,0,0,0,0,0,0,0,0,0,1,0,0,0,0,0,0,0,0,0,0,0,0,0,0,0,3,0,6,0,0,21,334694,4,51,0,0,1,1,0,16,0,0,0,0,0,0,0,7,3,5,0,0,0,0,0,0,1,0
538,AGT,1,0,1,53,1,1,0,7,1,32,1,334546,1,0,0,8,0,0,0,0,0,0,0,0,0,0,0,0,0,1,0,0,0,0,0,0,14,1,3,7,0,0,0,10,1,0,3,11,0,0,0,0,4,3,6,0,0,16,0,17,0,0,0,0
539,TCA,0,0,0,0,7,2,1,0,1,1,0,0,0,0,0,0,0,0,0,0,14,0,0,0,0,1,0,0,0,0,0,0,0,2,0,0,4,0,0,2,0,2,1,4,0,1,0,2,13,0,0,0,334217,16,29,24,2,1,0,2,21,0,1,0
540,CTG,0,0,0,0,5,14,2,0,0,0,0,2,10,0,29,1,0,0,1,0,0,0,34,0,0,0,1,0,63,5,334411,17,0,0,0,0,14,8,4,1,2,7,0,0,1,2,34,0,0,1,2,0,1,10,6,4,0,0,1,14,9,0,10,47
541,GTG,0,0,0,0,0,1,23,10,0,0,0,0,4,0,17,41,1,1,2,2,2,0,3,3,0,0,0,0,1,1,6,25,0,0,5,0,0,0,8,5,0,0,0,2,66,10,335561,43,0,5,1,0,0,0,5,0,0,0,22,3,6,3,5,6
542,CTT,1,1,0,0,11,2,1,8,0,0,0,1,32,14,6,28,0,0,0,6,1,7,1,67,0,0,0,10,11,9,27,334479,0,0,0,0,3,2,35,7,0,2,3,0,2,3,11,2,0,0,0,0,4,11,9,1,0,0,0,5,30,1,0,52
543,TTG,0,1,0,0,5,0,4,1,0,0,0,1,6,0,4,5,0,0,0,0,0,0,0,0,0,0,0,0,1,0,20,0,0,0,0,0,3,0,11,38,0,0,0,1,16,0,10,1,0,23,2,0,11,2,25,0,0,0,69,0,18,20,335785,6
544,GTC,0,0,0,0,0,0,0,0,0,0,0,0,0,24,0,0,0,0,0,0,0,0,0,0,0,0,0,0,0,1,0,0,0,0,0,0,0,19,0,0,0,0,0,0,8,335028,1,27,0,5,0,0,0,1,0,0,0,0,0,0,0,6,0,0
545,TCC,0,2,0,0,2,56,0,0,0,0,0,0,0,0,0,1,1,1,3,1,0,96,0,0,3,0,0,0,0,0,0,2,0,0,0,0,0,2,0,0,0,0,0,0,0,0,0,0,0,3,0,0,7,335595,9,5,0,0,0,0,0,6,0,0
546,CTG,0,0,0,0,0,0,0,0,0,0,0,0,0,0,16,0,0,0,2,0,0,0,77,2,0,0,16,0,46,0,334943,18,0,0,0,0,0,0,0,0,1,0,2,0,0,0,3,0,0,0,0,0,0,0,1,1,0,0,1,0,1,2,12,0
547,GGG,0,0,0,0,0,0,0,0,0,0,10,0,0,0,0,0,0,0,0,0,0,0,0,0,0,0,0,0,0,0,0,0,0,0,14,0,0,0,3,0,5,0,336012,8,0,0,9,0,0,0,0,0,0,0,1,0,0,0,7,0,0,0,0,0
548,GCA,0,0,0,0,77,0,0,1,0,0,0,0,0,0,0,0,0,0,0,0,0,0,0,0,0,0,0,0,0,0,0,0,8,0,0,0,335864,0,8,25,6,0,0,0,47,0,0,0,0,0,0,0,4,0,0,0,0,0,0,0,0,0,0,0
549,ATC,0,6,0,1,0,43,0,0,0,3,0,0,5,335378,4,19,0,0,0,0,0,0,0,0,0,0,0,0,5,4,3,2,0,0,0,0,1,6,0,0,0,2,0,0,0,20,0,0,0,3,0,0,0,0,0,0,0,0,0,13,0,3,3,0
550,AGT,0,2,0,25,0,9,0,6,0,24,2,335949,7,0,0,9,0,0,0,0,0,0,0,0,0,0,0,2,2,2,6,1,1,1,0,0,0,1,0,0,0,0,0,57,8,0,0,0,0,0,0,0,6,13,0,1,0,5,0,9,5,4,0,3
551,TTC,0,2,0,0,4,2,31,0,0,0,0,21,2,5,0,1,13,0,0,0,0,0,0,0,0,0,0,0,0,26,1,9,5,1,6,0,11,0,1,0,10,5,0,3,10,12,1,1,0,7,0,3,3,6,2,4,0,2,2,0,38,335819,12,28
552,TGG,0,0,2,0,1,0,0,0,0,0,4,0,0,1,1,0,2,0,2,0,0,0,0,0,0,0,26,0,6,0,0,2,4,2,0,1,1,10,0,5,0,2,18,1,1,0,0,0,0,48,16,2,0,0,4,1,17,0,335900,19,0,4,7,9
553,ATG,0,1,3,0,0,2,6,3,0,2,1,5,15,2,335838,7,1,1,0,0,0,0,0,1,0,0,1,0,3,0,2,0,1,0,1,0,0,16,6,6,0,1,3,58,0,1,16,0,0,0,1,0,3,1,0,5,0,0,0,0,0,6,9,0
554,TGT,0,0,0,0,0,0,2,0,0,0,0,2,5,0,9,6,0,1,0,0,0,0,0,0,0,0,0,15,17,6,6,0,0,0,0,1,6,0,0,0,0,0,2,0,0,0,0,1,0,0,0,27,0,0,3,1,1,47,4,335793,7,1,9,15
555,TCT,16,0,2,11,0,8,1,1,1,4,1,29,0,2,30,0,14,0,2,2,0,2,0,11,1,1,0,17,1,10,2,7,6,0,1,3,14,6,43,0,5,1,8,2,0,2,4,1,0,2,0,8,12,41,18,335533,0,0,3,3,41,5,2,16
556,AAT,5,8,28,336203,0,5,0,1,0,0,0,9,30,1,0,10,0,0,0,0,0,0,0,0,1,1,3,1,2,5,2,3,0,0,0,18,0,0,0,2,0,0,0,0,1,4,6,0,0,0,0,3,4,5,7,1,0,0,0,1,2,2,0,0
557,GGG,1,1,2,0,1,0,0,0,2,0,16,0,0,0,0,0,9,0,1,0,0,0,0,0,0,0,3,4,0,0,0,0,0,7,17,0,0,0,2,0,77,0,336006,4,0,0,36,0,0,0,0,0,0,0,0,0,0,0,21,0,1,0,0,0
558,TCT,0,0,0,0,0,1,4,2,0,0,1,0,11,0,12,0,50,0,0,0,0,0,0,8,0,0,0,0,3,0,1,4,0,0,0,1,3,6,1,47,0,3,2,0,3,0,0,1,0,4,0,7,25,14,9,335426,0,0,0,0,1,0,7,12
559,TTG,0,0,1,0,0,0,0,0,0,0,0,0,5,2,3,0,1,0,0,0,0,0,0,0,0,0,0,0,3,10,65,0,0,0,1,0,0,1,0,0,0,0,0,0,0,1,4,1,0,0,1,0,0,0,27,0,0,0,1,5,38,0,335797,6
560,CAG,1,2,10,0,0,0,0,3,0,0,1,10,0,0,0,0,44,0,335913,9,0,0,2,0,2,0,40,0,0,0,2,0,0,0,13,0,0,3,3,0,0,0,0,0,9,0,0,0,0,0,133,0,4,0,0,0,0,0,0,0,0,0,0,0
561,TGC,0,0,0,0,0,0,0,0,0,2,0,0,4,4,2,15,0,0,1,0,0,0,0,0,0,7,0,0,16,0,0,1,0,0,0,0,0,2,0,0,0,0,0,0,0,2,0,0,0,135,0,0,0,0,0,0,8,335667,3,32,1,15,6,2
562,AGA,22,3,12,0,3,1,4,10,335937,4,29,14,9,0,0,3,2,4,1,0,0,0,0,0,16,0,3,4,6,0,0,1,0,5,8,0,0,7,4,0,39,9,0,2,5,10,1,1,0,4,0,5,5,1,1,0,5,0,3,0,9,6,1,0
563,ATA,7,0,0,0,5,0,0,0,0,0,0,0,336342,18,33,5,0,0,1,0,0,0,0,0,0,0,0,0,1,0,0,0,0,0,0,0,0,0,0,0,0,0,0,0,15,1,0,6,0,0,0,0,0,0,0,0,0,0,0,0,4,0,0,1
564,TGC,0,0,0,0,0,6,0,0,0,1,0,0,0,0,0,0,0,0,0,0,0,0,0,0,0,8,0,0,0,0,0,0,0,0,0,0,0,0,0,0,9,3,0,1,0,0,0,0,0,37,0,0,0,1,0,0,4,335996,3,101,0,9,0,0
565,ATC,0,1,0,0,0,7,0,0,0,0,0,0,8,336040,5,6,0,0,0,0,0,0,0,0,0,0,0,0,0,7,0,1,0,0,0,0,0,0,0,0,0,0,1,0,0,10,0,0,1,14,0,1,0,0,0,0,0,0,10,2,4,12,13,2
566,TGA,0,0,0,0,0,0,0,0,6,0,0,0,0,0,0,0,0,0,0,0,0,0,0,0,89,0,0,0,0,0,0,0,0,0,0,0,0,0,0,0,1,0,0,0,0,0,0,0,32,0,0,0,1,0,0,0,336070,1,30,4,5,0,0,0
