original,new
2,1
3,2
4,3
5,4
6,5
7,6
8,7
9,8
10,9
11,10
12,11
13,12
14,13
15,14
16,15
17,16
18,17
19,18
20,19
21,20
22,21
23,22
24,23
25,24
26,25
27,26
28,27
29,28
30,29
31,30
32,31
33,32
34,33
35,34
36,35
37,36
38,37
39,38
40,39
41,40
42,41
43,42
44,43
45,44
46,45
47,46
48,47
49,48
50,49
51,50
52,51
53,52
54,53
55,54
56,55
57,56
58,57
59,58
60,59
65,60
66,61
67,62
68,63
69,64
70,65
71,66
72,67
73,68
74,69
75,70
76,71
77,72
78,73
79,74
80,75
81,76
82,77
83,78
84,79
85,80
86,81
88,82
89,83
90,84
91,85
92,86
93,87
94,88
95,89
96,90
97,91
98,92
99,93
100,94
101,95
102,96
103,97
104,98
105,99
107,100
108,101
109,102
110,103
111,104
112,105
113,106
114,107
115,108
116,109
117,110
118,111
119,112
120,113
121,114
122,115
123,116
124,117
125,118
126,119
127,120
128,121
129,122
134,123
135,124
136,125
137,126
138,127
139,128
140,129
141,130
142,131
143,132
144,133
145,134
146,135
147,136
148,137
149,138
150,139
151,140
152,141
153,142
154,143
155,144
156,145
157,146
158,147
159,148
160,149
161,150
162,151
163,152
164,153
165,154
166,155
167,156
168,157
169,158
170,159
171,160
172,161
173,162
174,163
175,164
176,165
177,166
178,167
179,168
180,169
181,170
182,171
183,172
184,173
185,174
186,175
187,176
188,177
189,178
190,179
191,180
192,181
193,182
194,183
195,184
196,185
197,186
198,187
199,188
200,189
201,190
202,191
203,192
204,193
205,194
206,195
207,196
208,197
209,198
210,199
211,200
212,201
213,202
214,203
215,204
216,205
217,206
218,207
219,208
220,209
221,210
222,211
223,212
224,213
225,214
226,215
227,216
228,217
229,218
230,219
231,220
232,221
233,222
234,223
235,224
236,225
237,226
238,227
239,228
240,229
241,230
242,231
243,232
244,233
245,234
246,235
247,236
248,237
249,238
250,239
251,240
252,241
253,242
254,243
255,244
256,245
257,246
258,247
259,248
260,249
261,250
262,251
263,252
264,253
265,254
266,255
267,256
268,257
269,258
270,259
271,260
272,261
273,262
274,263
275,264
276,265
278,266
279,267
280,268
281,269
282,270
283,271
284,272
285,273
286,274
287,275
288,276
289,277
290,278
291,279
292,280
293,281
294,282
295,283
296,284
297,285
298,286
299,287
300,288
301,289
302,290
303,291
304,292
305,293
306,294
307,295
308,296
309,297
310,298
311,299
312,300
313,301
314,302
315,303
316,304
317,305
318,306
319,307
320,308
321,309
322,310
323,311
324,312
325,313
326,314
327,315
328,316
329,317
330,318
331,319
332,320
333,321
334,322
335,323
336,324
337,325
338,326
339,327
340,328
341,329
342,330
343,331
344,332
345,333
346,334
347,335
348,336
349,337
350,338
351,339
352,340
353,341
354,342
355,343
356,344
357,345
358,346
359,347
360,348
361,349
362,350
363,351
364,352
365,353
366,354
367,355
368,356
369,357
370,358
371,359
372,360
373,361
374,362
375,363
376,364
377,365
378,366
379,367
380,368
381,369
382,370
383,371
384,372
385,373
386,374
387,375
388,376
389,377
390,378
391,379
392,380
393,381
394,382
395,383
396,384
397,385
398,386
399,387
400,388
401,389
402,390
403,391
404,392
405,393
406,394
407,395
408,396
409,397
410,398
411,399
412,400
413,401
414,402
415,403
416,404
417,405
418,406
419,407
420,408
421,409
422,410
423,411
424,412
425,413
426,414
427,415
428,416
429,417
430,418
431,419
432,420
433,421
434,422
435,423
436,424
437,425
438,426
439,427
440,428
441,429
442,430
443,431
444,432
445,433
446,434
447,435
448,436
449,437
450,438
451,439
452,440
453,441
454,442
455,443
456,444
457,445
458,446
459,447
460,448
461,449
462,450
463,451
464,452
465,453
466,454
467,455
468,456
469,457
470,458
471,459
472,460
473,461
474,462
475,463
476,464
477,465
478,466
479,467
480,468
481,469
482,470
483,471
484,472
485,473
486,474
487,475
488,476
489,477
490,478
491,479
492,480
493,481
494,482
495,483
496,484
497,485
498,486
499,487
500,488
501,489
502,490
503,491
504,492
505,493
506,494
507,495
508,496
509,497
510,498
511,499
512,500
513,501
514,502
515,503
516,504
517,505
518,506
519,507
520,508
521,509
522,510
523,511
524,512
525,513
526,514
527,515
528,516
529,517
530,518
531,519
532,520
534,521
535,522
536,523
537,524
538,525
539,526
540,527
541,528
542,529
543,530
544,531
545,532
546,533
547,534
548,535
549,536
550,537
551,538
552,539
553,540
554,541
555,542
556,543
557,544
558,545
559,546
560,547
561,548
562,549
563,550
564,551
565,552
